scene,patch,camera,iso,lap_gt,overall_gt,sigma_gt,musiq_gt,lap_noisy,overall_noisy,sigma_noisy,musiq_noisy
0001_001_S6_00100_00060_3200_L,010_7_11,S6,100,3.1203718257602304,0.22368370702175344,0.33976300840753293,22.08095932006836,188.99391135177575,0.36193284446879653,2.8162311618317664,21.26990509033203
0001_001_S6_00100_00060_3200_L,010_10_16,S6,100,12.94836404826492,0.340000292379953,0.47927156830665135,25.56090545654297,421.52298595919274,0.547755498622698,3.9284003220714845,24.26192283630371
0001_001_S6_00100_00060_3200_L,010_0_14,S6,100,6.968633062904701,0.24939920935001073,0.45060164813101666,17.651416778564453,180.66738842334598,0.34250078186971655,2.749585824586539,18.300708770751953
0002_001_S6_00100_00020_3200_N,010_8_17,S6,100,6.780440360074863,0.3115846863131732,0.42466395591282396,21.598678588867188,209.4006428939756,0.4239477413423883,2.83072534030595,25.370952606201172
0002_001_S6_00100_00020_3200_N,010_2_18,S6,100,4.6051593935117126,0.27025987227277065,0.3932618077797425,19.224573135375977,169.3164184296038,0.35076240045340235,2.6557347637151403,17.209999084472656
0002_001_S6_00100_00020_3200_N,010_2_10,S6,100,4.9733425041195005,0.3011580084274947,0.31493412921095826,36.395816802978516,122.40690248995088,0.37718224582638027,2.1698103172788,37.89244079589844
0003_001_S6_00100_00060_3200_H,010_1_7,S6,100,17.950172688812017,0.30335137134925294,0.4506016481310154,29.130096435546875,161.0634998807218,0.3915331670414403,2.64686425954222,27.702346801757812
0003_001_S6_00100_00060_3200_H,010_10_5,S6,100,9.83109587058425,0.34580801719181187,0.49420073950186655,16.897512435913086,162.3467656141147,0.43174238689778416,2.712915385680052,17.884830474853516
0003_001_S6_00100_00060_3200_H,010_8_16,S6,100,26.648071644594893,0.33661884218747945,0.49582415443769845,26.133148193359375,178.18390560150146,0.4304795917701361,2.8818472952485643,28.002487182617188
0004_001_S6_00100_00060_4400_L,010_10_14,S6,100,7.431238796561956,0.3328625032621628,0.39710284875880636,18.28129005432129,265.7829418813344,0.47207970749328204,2.9860330568423525,20.747577667236328
0004_001_S6_00100_00060_4400_L,010_7_3,S6,100,6.30286581791006,0.366646473829595,0.43848431408642763,16.06332015991211,268.9658943244722,0.5019832746956122,3.148747081002211,19.632915496826172
0004_001_S6_00100_00060_4400_L,010_8_17,S6,100,8.28372114058584,0.30534264807963657,0.4958241544376998,16.986675262451172,261.33744859322906,0.44286979703932444,2.962827592581611,21.470703125
0005_001_S6_00100_00060_4400_N,010_5_9,S6,100,19.77844180073589,0.43204633401993975,0.5967630861598315,44.698699951171875,121.06114196195267,0.49274807462894576,2.524502496881549,42.38867950439453
0005_001_S6_00100_00060_4400_N,010_10_10,S6,100,6.519585556350648,0.3229459889929146,0.4075967678675618,21.70589828491211,134.2037657564506,0.3972174082235978,2.3408006345041694,18.74614715576172
0005_001_S6_00100_00060_4400_N,010_6_19,S6,100,14.050307243829593,0.2836609834121314,0.6238095913996231,22.12193489074707,163.11569140851498,0.354338898622398,2.5812481261254154,18.591064453125
0006_001_S6_00100_00060_4400_H,010_4_16,S6,100,4.302169676637277,0.2624721361864409,0.33754538236430115,26.896923065185547,158.38063096627593,0.3531771807728421,2.200103652390269,45.622901916503906
0006_001_S6_00100_00060_4400_H,010_0_16,S6,100,13.388045454164967,0.3042484502120287,0.6050393792253517,21.982778549194336,163.3235315454658,0.37082542964651677,2.455480315206722,22.737262725830078
0006_001_S6_00100_00060_4400_H,010_0_15,S6,100,12.334548949962482,0.28317972246594697,0.48976548741540915,20.159656524658203,127.38853350072168,0.3332770675955292,1.7931010956300988,21.006881713867188
0007_001_S6_00100_00100_5500_L,010_10_11,S6,100,2.9099577160086483,0.3033806284175754,0.3005991691231443,17.88033676147461,278.9219798834529,0.4625006375826325,3.1085540378893826,14.869552612304688
0007_001_S6_00100_00100_5500_L,010_1_5,S6,100,18.262675057863817,0.3201172072940896,0.5002594065241613,21.529132843017578,415.65025198995136,0.5303115532614155,4.14542485307147,22.842609405517578
0007_001_S6_00100_00100_5500_L,010_1_9,S6,100,4.684699799632654,0.27417093681521454,0.3684329285831703,25.745433807373047,281.27541871531866,0.4456313727634302,3.2585565168972592,20.3295955657959
0008_001_S6_00100_00100_5500_N,010_5_17,S6,100,17.114709763787687,0.437850167398624,0.5046946586106303,32.032405853271484,211.11718153953552,0.5367443288208749,2.9844096419065145,30.947038650512695
0008_001_S6_00100_00100_5500_N,010_6_4,S6,100,6.2529404477681965,0.26044857025474805,0.36237426156087665,24.671733856201172,169.42645242717117,0.36371326382071795,2.259661118784764,23.001670837402344
0008_001_S6_00100_00100_5500_N,010_0_14,S6,100,16.616796377813444,0.3431717719284086,0.5824281260720047,24.22040367126465,181.09494712739252,0.4282979003119164,2.7309534995795963,27.80921173095703
0010_001_S6_00800_00350_3200_N,010_6_11,S6,800,13.268781807040796,0.3661509522990429,0.49582415443770267,28.52858543395996,451.78106555505656,0.5961441837797131,5.067833483911523,36.91907501220703
0010_001_S6_00800_00350_3200_N,010_1_18,S6,800,10.979583530686796,0.2901253930580645,0.5824281260719938,22.022701263427734,1142.7666165099945,0.7361225315251181,7.087858818542972,18.939842224121094
0010_001_S6_00800_00350_3200_N,010_8_11,S6,800,13.392210569232702,0.3852759199271267,0.44897823319518465,30.593488693237305,971.0265172570944,0.8286959227593306,6.231602254252951,24.57317352294922
0011_001_S6_00800_00500_5500_L,010_7_14,S6,800,10.759474724298343,0.29663721534900783,0.5598168729186649,19.15570831298828,2203.259597459575,0.7953726701234858,8.246932177999366,21.50564193725586
0011_001_S6_00800_00500_5500_L,010_7_9,S6,800,13.140574853634462,0.24978037777752504,0.7180956449920615,22.917625427246094,2168.448834307259,0.789369234202752,9.519539458381553,21.71540641784668
0011_001_S6_00800_00500_5500_L,010_5_9,S6,800,6.818725175224245,0.32080784758291625,0.4798657794140491,28.266555786132812,1739.9989268833306,0.8093516273560775,8.001657104008673,24.502634048461914
0012_001_S6_00800_00500_5500_N,010_4_15,S6,800,12.135403361171484,0.40441850778645844,0.6177509243773289,29.026220321655273,1262.5940943451133,0.8770030868223322,9.438124168327471,31.226421356201172
0012_001_S6_00800_00500_5500_N,010_1_6,S6,800,8.996014587348327,0.33131461461705486,0.47543052732758667,31.275875091552734,985.3509357811417,0.7881578957384643,6.478978398338555,30.3671817779541
0012_001_S6_00800_00500_5500_N,010_4_4,S6,800,12.692210847279057,0.28226074361329706,0.6651910567272504,25.455286026000977,1331.3461841454264,0.8023967221004596,10.036118339140135,45.03821563720703
0013_001_S6_03200_01250_3200_L,010_6_18,S6,3200,93.62672494351864,0.3055829076203463,1.8013773886956341,18.58021354675293,10755.814282521605,0.8633760478017016,20.682771744492737,30.267457962036133
0013_001_S6_03200_01250_3200_L,010_2_19,S6,3200,126.36730621755123,0.3261946157679005,2.0517245883182245,16.19650650024414,12448.9485646151,0.8798611821120751,22.33274073560517,28.636119842529297
0013_001_S6_03200_01250_3200_L,010_9_15,S6,3200,149.85064562782645,0.32810621163828474,1.883546108243469,19.443904876708984,6514.923372039339,0.8542646534183697,17.201646631487424,22.469482421875
0014_001_S6_03200_01250_3200_N,010_0_1,S6,3200,24.04294760315679,0.30474967018293736,0.8587926271059748,19.917659759521484,4278.443834885955,0.7951070356337545,13.022267951930791,17.51526641845703
0014_001_S6_03200_01250_3200_N,010_8_4,S6,3200,18.04966232716106,0.33341091553285596,0.03088754621886663,21.189470291137695,4407.092281772755,0.8074518359342717,2.3969520526406485,18.04442596435547
0014_001_S6_03200_01250_3200_N,010_9_14,S6,3200,23.733932371949777,0.269090723143229,0.8973622552829682,19.484283447265625,8550.891243150225,0.8503289741999592,18.321938582089214,26.22412109375
0015_001_S6_03200_01600_5500_L,010_1_0,S6,3200,95.45860992372036,0.32076563359480276,1.2062377174716359,17.81533432006836,12736.242477131775,0.88109146639048,22.764556556025784,35.37251663208008
0015_001_S6_03200_01600_5500_L,010_7_8,S6,3200,56.17168500646949,0.2927122362027784,1.3320055283903323,21.923076629638672,6916.92260764516,0.8676011278917961,16.96488096245888,21.732219696044922
0015_001_S6_03200_01600_5500_L,010_4_16,S6,3200,35.21312850341201,0.27644425516541027,1.4406265420705806,22.589092254638672,9016.45152016636,0.8749893550631347,19.54053246118498,28.953506469726562
0016_001_S6_03200_01600_5500_N,010_3_15,S6,3200,31.67391940858215,0.4587059081189485,0.9304674275450658,25.39769744873047,6127.7109043763485,0.9442648291791506,15.518259747023075,20.320575714111328
0016_001_S6_03200_01600_5500_N,010_2_19,S6,3200,29.831775925820693,0.3076286591440531,1.033623985310429,19.64417266845703,6635.939690315863,0.8314160869358861,17.211567670707794,22.84066390991211
0016_001_S6_03200_01600_5500_N,010_10_9,S6,3200,19.492352267494425,0.31785162580502013,0.790364656538542,22.51062774658203,6003.784459597431,0.8640713033109604,14.714488393812937,18.887195587158203
0017_001_GP_00100_00060_5500_N,010_2_5,GP,100,12.531874886713922,0.3916549086148366,0.3601566355176465,29.466880798339844,92.74587344168685,0.4327857266390528,1.5520593929014639,42.63207244873047
0017_001_GP_00100_00060_5500_N,010_4_6,GP,100,28.62496918067336,0.44906337347002406,0.40537914182433177,43.29277038574219,121.26722470275126,0.49569850575494506,1.5175483020640517,47.23097229003906
0017_001_GP_00100_00060_5500_N,010_10_6,GP,100,18.15670760627836,0.28068397101075837,0.7721886554716705,19.653711318969727,81.97221374488436,0.31005699633872497,1.8262062678921993,18.01946258544922
0018_001_GP_00100_00160_5500_L,010_10_3,GP,100,5.302108680596575,0.24352588198440256,0.46109556723977246,18.295164108276367,115.15966766700149,0.30619304658498464,2.1708395211072298,16.852779388427734
0018_001_GP_00100_00160_5500_L,010_5_2,GP,100,8.079928586026654,0.3562202322922287,0.5244940746133361,30.960886001586914,176.17106699733995,0.4506167269270007,2.3396122122893814,28.279579162597656
0018_001_GP_00100_00160_5500_L,010_10_4,GP,100,4.878856478026137,0.23783491168113194,0.4528192741742469,18.15563201904297,98.04836566653103,0.2929946507532839,1.9728026986420446,18.02861785888672
0019_001_GP_00800_00640_5500_L,010_5_1,GP,800,10.554027253529057,0.2456222552647175,0.6524795115752623,18.46023178100586,578.1456535123289,0.5222147052698938,5.087850396274768,19.978811264038086
0019_001_GP_00800_00640_5500_L,010_4_8,GP,800,14.014326475327834,0.26060596565498656,0.6645968456198494,30.009918212890625,1203.8919753348455,0.7404679193034482,6.684697302761872,19.553028106689453
0019_001_GP_00800_00640_5500_L,010_9_12,GP,800,28.138168316101655,0.34899828999138927,0.8488929191046178,17.009845733642578,915.4422610977199,0.763043271748476,6.43197325870968,14.425309181213379
0020_001_GP_00800_00350_5500_N,010_3_2,GP,800,16.249567857943475,0.375812909754651,0.6378474459337403,26.613304138183594,516.5466905550566,0.6085682283953603,4.379378684949386,20.819705963134766
0020_001_GP_00800_00350_5500_N,010_0_6,GP,800,210.63445106055588,0.3931318345484429,1.1075164117927434,23.117801666259766,515.3874655885156,0.5255074447493773,3.850884350970612,18.101228713989258
0020_001_GP_00800_00350_5500_N,010_6_7,GP,800,217.89904706832021,0.5416452274383918,0.7467655651676942,41.87508010864258,1106.02214717865,0.8887008232775582,4.035933853949137,56.58720397949219
0022_001_N6_00100_00060_5500_N,010_6_3,N6,100,2.2816766165196896,0.24188130386484025,0.26971162290427736,20.142719268798828,125.29364006128162,0.322107670064639,2.723271417621468,19.39033317565918
0022_001_N6_00100_00060_5500_N,010_10_9,N6,100,13.901090011000633,0.2951842724875761,0.6276506323786952,27.74970817565918,116.28238241164945,0.3461185780978015,2.477062364531639,19.593441009521484
0022_001_N6_00100_00060_5500_N,010_4_0,N6,100,9.556152042001486,0.2726024130353972,0.481489194349878,21.24367904663086,101.06894915900193,0.31825776506841424,2.3060720473062535,17.04617691040039
0023_001_N6_00800_00350_5500_N,010_10_12,N6,800,9.167631640098989,0.30035374661172964,0.5846457521152357,24.89506721496582,607.4039455314633,0.5739773231538379,5.570528012839425,18.440046310424805
0023_001_N6_00800_00350_5500_N,010_6_7,N6,800,7.679594457149506,0.2826864229447409,0.44676060715195187,25.735912322998047,1178.8054152333643,0.7854449005760012,5.573106738093441,47.997955322265625
0023_001_N6_00800_00350_5500_N,010_2_5,N6,800,4.625289663439617,0.26137833265603316,0.4053791418243277,29.29378890991211,553.5047137504444,0.5376131040970608,4.729635612465671,37.50932312011719
0025_001_G4_00100_00060_5500_L,010_9_2,G4,100,3.7047245071735233,0.25879600046126755,0.394370620801356,19.974384307861328,103.875274582766,0.31323264425336406,2.2259617354152748,17.278629302978516
0025_001_G4_00100_00060_5500_L,010_7_0,G4,100,2.9525877551641315,0.249315377053829,0.345821675429826,18.987220764160156,105.31575896497816,0.30787569142852295,2.2172504496287124,18.882278442382812
0025_001_G4_00100_00060_5500_L,010_6_8,G4,100,8.393163732253015,0.3133606097530379,0.3232104222764851,21.057241439819336,300.02610681951046,0.4761374295049722,2.6394579519187693,32.5833625793457
0027_001_G4_00800_00350_5500_L,010_3_2,G4,800,9.665064885281026,0.25040421374212246,0.6320858844651499,19.552000045776367,744.6499942392111,0.6035748818913864,5.8396454246363225,20.225933074951172
0027_001_G4_00800_00350_5500_L,010_6_15,G4,800,9.634244110435247,0.2791390530809676,0.5416408718517832,20.85995101928711,969.3262988456991,0.7389116434164236,6.709982505898502,22.181121826171875
0027_001_G4_00800_00350_5500_L,010_1_17,G4,800,12.694684419548139,0.34625777633055344,0.6381445514874433,17.586593627929688,1147.5558946495876,0.8020852776286619,6.825770999622663,17.341712951660156
0028_001_IP_00100_00160_5500_N,010_10_10,IP,100,8.288628204725683,0.2994594539731899,0.7639123624061446,17.195812225341797,394.7268677018583,0.49930177551297095,5.921538369849489,15.120723724365234
0028_001_IP_00100_00160_5500_N,010_0_6,IP,100,19.04667261033319,0.2889323959590579,0.8686923351073337,16.099660873413086,337.3990592358168,0.4453160002294083,5.689207952907413,16.166473388671875
0028_001_IP_00100_00160_5500_N,010_2_8,IP,100,7.375640835613012,0.2586561672264915,0.7693768183210379,20.321414947509766,517.8582759946585,0.5443554275777132,7.154069163067163,19.791486740112305
0029_001_IP_00800_01000_5500_N,010_3_9,IP,800,5.800353846512735,0.2682872222659164,0.6155332983341023,19.725723266601562,344.25013107061386,0.46808209011466356,5.847051732259767,22.37152099609375
0029_001_IP_00800_01000_5500_N,010_10_13,IP,800,5.758665106259286,0.33220812895131396,0.5989807122030556,13.49836254119873,310.0650046223309,0.47608244479213757,5.192354594641269,13.215164184570312
0029_001_IP_00800_01000_5500_N,010_2_9,IP,800,5.789535399293527,0.26792302819923125,0.6177509243773337,22.095664978027344,352.38862842321396,0.4715971888335072,6.039899873144734,18.45656967163086
0030_001_IP_01600_02000_5500_N,010_10_5,IP,1600,38.626952341757715,0.3276818037589049,1.2366106617762758,31.655866622924805,220.78372143115848,0.424179359118298,3.4239231598213817,21.79188346862793
0030_001_IP_01600_02000_5500_N,010_5_2,IP,1600,36.81583307287656,0.47671642926563385,0.8935212143039056,35.39118194580078,325.3005883693695,0.6372853567222775,5.421278963325322,37.222381591796875
0030_001_IP_01600_02000_5500_N,010_3_6,IP,1600,28.819594228407368,0.31247655601306196,0.6343035105083867,42.740966796875,235.72900389134884,0.4277654184310282,3.07339045797042,32.67905807495117
0032_001_IP_00800_01000_3200_N,010_6_6,IP,800,11.450851009925827,0.32573693383240543,0.8212522027574157,25.58588409423828,859.3287995904684,0.7406453541212841,8.665341301748407,29.806594848632812
0032_001_IP_00800_01000_3200_N,010_9_7,IP,800,10.335845737718046,0.30340156836468263,0.6773083907718368,25.7858829498291,514.2847823267803,0.5721594404810703,5.449847943088756,24.50588607788086
0032_001_IP_00800_01000_3200_N,010_5_11,IP,800,12.505338808288798,0.3526671187698304,0.6954843918387185,20.1395263671875,474.37746705277823,0.5972827446266907,6.6462868929712355,19.09893035888672
0033_001_IP_00100_00160_3200_N,010_1_6,IP,100,11.680663048289716,0.31196379666707363,0.741301109252801,20.93855857849121,520.2483481159434,0.5724187909686772,5.472995129375337,20.6317081451416
0033_001_IP_00100_00160_3200_N,010_5_12,IP,100,8.3705033659935,0.3370510441859053,0.8482987079972174,24.62096405029297,467.90028997301124,0.5786334427738893,7.515255002413245,23.11824607849121
0033_001_IP_00100_00160_3200_N,010_5_0,IP,100,14.857443567365408,0.25129707181836825,0.6133156722908711,19.032512664794922,457.46867676614784,0.4844434947476259,5.232112645033065,20.715045928955078
0034_002_GP_00100_00160_3200_N,010_2_3,GP,100,11.371046865126118,0.35764360401510564,0.5846457521152351,24.224193572998047,70.74776345398277,0.3859877104793411,1.7599959233680058,28.228567123413086
0034_002_GP_00100_00160_3200_N,010_3_3,GP,100,11.9888302301988,0.3689707826451272,0.5846457521152368,18.129592895507812,70.35450047790073,0.39665996514624624,1.7158026208897497,17.61489486694336
0034_002_GP_00100_00160_3200_N,010_10_11,GP,100,18.881873396923766,0.3206293422859467,0.7203132710352861,18.29654312133789,88.74693187489174,0.3548363842045979,2.0418248803168666,18.19729232788086
0035_002_GP_00800_00350_3200_N,010_9_13,GP,800,20.63030467927456,0.34149767130797876,0.8709099611505614,24.32758331298828,378.25546260084957,0.49944924459620493,4.460358982282435,32.30738067626953
0035_002_GP_00800_00350_3200_N,010_9_7,GP,800,69.54504824033938,0.4544994616676184,0.9371203056747498,36.730987548828125,470.5594883225858,0.6224760217061105,3.7836448026179794,32.11576843261719
0035_002_GP_00800_00350_3200_N,010_1_8,GP,800,78.06682803644799,0.43491860034540825,1.2956535262565876,33.660133361816406,470.8859377873596,0.6054631426372902,4.385713126306339,31.957727432250977
0036_002_GP_06400_03200_3200_N,010_8_1,GP,6400,80.26069530262612,0.45756432136533126,1.7004384569734994,20.81206512451172,6289.818105477607,0.9051195904095443,16.622348779338765,24.54018783569336
0036_002_GP_06400_03200_3200_N,010_3_10,GP,6400,62.31790127977729,0.4559534730136656,1.0594820683354136,18.414039611816406,3572.060927621089,0.8803230080966448,9.789410299672207,17.15695571899414
0036_002_GP_06400_03200_3200_N,010_1_6,GP,6400,90.00920793320984,0.40589746616498,1.7020618719093292,28.557613372802734,4075.911988116568,0.8434523107663907,14.566719156384414,42.601463317871094
0038_002_GP_00800_00640_3200_L,010_6_8,GP,800,24.475526954978704,0.39117185413034566,0.7964233235608457,29.040821075439453,719.6971475929022,0.6989715997057773,5.769159046412022,23.879423141479492
0038_002_GP_00800_00640_3200_L,010_5_2,GP,800,14.643020506715402,0.27181295135154043,0.7655357773419738,25.806110382080078,1060.6383568735328,0.7491661098368915,7.463857273135953,19.358856201171875
0038_002_GP_00800_00640_3200_L,010_3_4,GP,800,13.809752341359854,0.29960834827866406,0.7308071901440462,19.55781364440918,884.4358672981616,0.7075821014792735,6.230769215566009,20.419326782226562
0039_002_IP_00100_00180_5500_L,010_9_8,IP,100,8.85259946808219,0.3165636219930772,0.5967630861598251,27.020462036132812,414.6881560997572,0.5030184223779058,3.9658824684458875,19.95020866394043
0039_002_IP_00100_00180_5500_L,010_8_2,IP,100,4.07371157198213,0.3144260491730892,0.3767092216486947,19.210378646850586,228.63831263687462,0.4181827342231595,2.8840649212917904,16.37246322631836
0039_002_IP_00100_00180_5500_L,010_2_6,IP,100,5.724792069755495,0.2771502880281492,0.5145943666119788,18.96225357055664,200.89245592057705,0.38107297567959253,3.8839895232327173,21.105268478393555
0040_002_IP_00800_02000_5500_L,010_4_3,IP,800,8.147979400120676,0.26018811784786144,0.672873138685377,18.555927276611328,595.7504903466906,0.5825758796659917,6.328975919330687,19.615978240966797
0040_002_IP_00800_02000_5500_L,010_0_9,IP,800,9.825120686553419,0.2580073443124879,0.7142546040129982,22.16603660583496,576.1793188666925,0.5566612679333399,6.395780474962277,22.714879989624023
0040_002_IP_00800_02000_5500_L,010_2_8,IP,800,9.041534542804584,0.25481700172732175,0.6337092994009857,22.984556198120117,626.6755596166477,0.5726878111439463,6.121357825636866,21.99614715576172
0042_002_IP_01600_03100_5500_N,010_0_3,IP,1600,7.578295966377482,0.27124583002254576,0.7021372699684095,21.62484359741211,500.1707126162946,0.5303925980054295,6.644663478035407,21.15053367614746
0042_002_IP_01600_03100_5500_N,010_4_13,IP,1600,13.239167615538463,0.40537377204314706,0.6094746313118097,32.057044982910156,606.960987351602,0.6545916110442017,4.6711073498996,22.74911117553711
0042_002_IP_01600_03100_5500_N,010_5_7,IP,1600,12.048764664446935,0.3343390450477816,0.5620344989618966,41.98143005371094,323.6171351885423,0.4782656107498943,4.59943254946051,24.65988540649414
0043_002_IP_00800_01520_5500_N,010_3_3,IP,800,5.968688514083624,0.29330043972846237,0.8107582836486625,22.94491958618164,353.0227503401693,0.47073972134405684,7.45090690040443,22.339462280273438
0043_002_IP_00800_01520_5500_N,010_10_1,IP,800,6.7351833616849035,0.3284937934879176,0.6116922573550396,19.140588760375977,560.4122114253696,0.5889768123476671,6.425479598966349,16.568984985351562
0043_002_IP_00800_01520_5500_N,010_2_4,IP,800,6.154417931102216,0.3047418817285873,0.7180956449920611,19.166526794433594,529.6708762103226,0.5679566829658276,7.256790728111485,19.192840576171875
0044_002_IP_00100_00180_5500_N,010_8_5,IP,100,9.924646839499474,0.4416264287213153,0.4837068203931108,27.801326751708984,166.7032295872923,0.5111117375754805,3.006585902338823,22.45775604248047
0044_002_IP_00100_00180_5500_N,010_4_13,IP,100,31.31479212245904,0.5390443829183316,0.7059783109474881,31.354278564453125,350.0437295192387,0.6681686936458243,2.8797888875916957,30.615116119384766
0044_002_IP_00100_00180_5500_N,010_2_4,IP,100,4.733349023154005,0.34776418292353894,0.5454819128308451,21.344749450683594,163.04095720849,0.42944683465276834,4.233652239641613,19.236469268798828
0045_002_G4_00100_00060_3200_L,010_7_15,G4,100,5.100829001516104,0.25250292935890895,0.32926908929878035,19.16742706298828,212.12873353715986,0.38146235252417604,2.5111967406221627,20.135513305664062
0045_002_G4_00100_00060_3200_L,010_5_15,G4,100,3.0720762573182583,0.3774712485182257,0.33148671534201024,18.365175247192383,214.61526019778103,0.48139765194190076,3.26742702107018,16.350116729736328
0045_002_G4_00100_00060_3200_L,010_4_1,G4,100,3.8730617796536535,0.31675810554121014,0.3623742615608747,15.702513694763184,210.16902932152152,0.42762087428876505,2.959145769988909,16.57221031188965
0047_002_G4_00800_00640_3200_L,010_7_12,G4,800,15.041267396649346,0.35724964674367116,0.6999196439251816,15.545479774475098,1058.5261080777273,0.800906158668092,6.6481278042675855,15.883655548095703
0047_002_G4_00800_00640_3200_L,010_4_7,G4,800,23.511388338869438,0.336103588375745,0.9855896418531067,22.943050384521484,1332.7291624760255,0.7889626067953789,8.719158537893337,19.101272583007812
0047_002_G4_00800_00640_3200_L,010_10_6,G4,800,29.62286212667823,0.33568760957804955,1.0390884412253145,15.83272647857666,1314.169096942991,0.7880520664314988,8.51815065989116,17.26750946044922
0048_002_N6_00100_00100_5500_L,010_2_11,N6,100,3.2228918075561523,0.23913612890421745,0.3540979684953523,19.94220733642578,215.45654805167578,0.37050633069990535,3.4329528823806648,22.930950164794922
0048_002_N6_00100_00100_5500_L,010_11_11,N6,100,3.9477981550153345,0.2545224445544671,0.43242564706413283,19.040220260620117,267.6783818565309,0.40722748443065826,4.4309356326130365,19.532270431518555
0048_002_N6_00100_00100_5500_L,010_1_9,N6,100,5.642949804663658,0.2839156892446453,0.49198311345863727,23.682743072509766,147.27216065465473,0.3589764287289486,3.050619986430714,24.788986206054688
0050_002_N6_03200_03200_5500_L,010_9_8,N6,3200,230.12578819692135,0.3987656957522333,2.771008655525082,20.082712173461914,5021.104209646583,0.8353935585182948,16.55283332696875,20.11429786682129
0050_002_N6_03200_03200_5500_L,010_6_9,N6,3200,157.7275989567861,0.3996855687140162,2.3446416754832384,21.904874801635742,5426.296061288333,0.8423138605115627,17.85828562081447,19.30793571472168
0050_002_N6_03200_03200_5500_L,010_6_3,N6,3200,156.22466107620858,0.3854476226540525,2.5707542070166634,20.93022918701172,6091.502371243201,0.840451417498462,19.41004790816223,18.985858917236328
0051_002_S6_00100_00060_5500_N,010_2_15,S6,100,5.09145628567785,0.42718407524240154,0.3744915956054631,17.368858337402344,137.34220036840998,0.48398876701973487,2.02143125320676,17.488704681396484
0051_002_S6_00100_00060_5500_N,010_8_19,S6,100,8.739986419677734,0.2771474914951464,0.36015663551765137,28.274702072143555,151.16640340909362,0.3505364966549015,2.6425882258421063,27.44478988647461
0051_002_S6_00100_00060_5500_N,010_6_17,S6,100,6.4678477176930755,0.4070110721284333,0.2757702899265692,20.839351654052734,108.32183810975403,0.4532672281358023,1.7589667195395544,17.590526580810547
0052_002_S6_01600_01000_5500_N,010_4_17,S6,1600,24.0873068717774,0.3498246387906334,0.8725333760863953,20.203989028930664,4799.8043277822435,0.8412087431993907,13.577012699217557,22.65932846069336
0052_002_S6_01600_01000_5500_N,010_6_17,S6,1600,18.627545482479036,0.42537744082903767,0.6569147636617273,19.084529876708984,2344.828621371649,0.8511044965351916,8.532804056751699,17.874248504638672
0052_002_S6_01600_01000_5500_N,010_4_10,S6,1600,14.816907218657434,0.3754876420398141,0.41365543488984874,19.82637596130371,1654.0978202724364,0.8096332230225288,4.8672819298494145,16.72610855102539
0054_003_N6_00100_00160_5500_N,010_3_6,N6,100,5.8337249082978815,0.2589680076371797,0.4098143939107919,47.24485778808594,88.8037096625194,0.304861450808875,2.0230546681425907,30.8333740234375
0054_003_N6_00100_00160_5500_N,010_1_2,N6,100,4.671447417698801,0.3201537770468942,0.35188034245212135,26.42194938659668,257.6018368890509,0.45816264763706527,2.818448787874994,19.24775505065918
0054_003_N6_00100_00160_5500_N,010_11_11,N6,100,14.520273480331525,0.3337258221609629,0.6260272174428545,34.51853942871094,164.94415155705065,0.41338347593640723,2.6309058845185676,31.41140365600586
0055_003_N6_00800_01000_5500_N,010_6_10,N6,800,37.8176498261746,0.31252340815304364,0.635926925444222,35.858482360839844,683.477115140995,0.6042127019232537,5.605575036810078,28.421642303466797
0055_003_N6_00800_01000_5500_N,010_5_8,N6,800,28.576593540376052,0.3235349970765084,0.533364578786261,35.82747268676758,611.1599776109215,0.587983219653475,5.293887737470797,36.52012634277344
0055_003_N6_00800_01000_5500_N,010_10_15,N6,800,6.426391608081758,0.23949960172620383,0.5024770325673934,18.510604858398438,891.0273774673697,0.6652093874494126,6.702003318386681,20.565265655517578
0057_003_G4_00100_00125_5500_L,010_8_3,G4,100,2.9947203993797302,0.31082810725418375,0.31715175525419054,27.877849578857422,183.11019224580377,0.4097509202107562,2.6335585032828344,17.668859481811523
0057_003_G4_00100_00125_5500_L,010_0_2,G4,100,3.4803242904599756,0.20808875123984777,0.33148671534200985,20.785133361816406,309.65516657358967,0.42499478903956395,3.34397206631677,20.731285095214844
0057_003_G4_00100_00125_5500_L,010_10_16,G4,100,3.085265531204641,0.3119210123997021,0.3397630084075338,19.621417999267578,258.19271820411086,0.44897085381753193,3.1205121535476117,19.771339416503906
0059_003_G4_00800_01000_5500_L,010_10_9,G4,800,8.83290262427181,0.24866468762109017,0.5250882857207337,22.888996124267578,919.8217515712604,0.690612702577674,6.266171623064522,19.853715896606445
0059_003_G4_00800_01000_5500_L,010_7_0,G4,800,28.140146551420912,0.2692206590182867,0.982777804702479,17.96428680419922,1512.2459093695506,0.7588670003980199,8.693141236481965,21.386808395385742
0059_003_G4_00800_01000_5500_L,010_1_0,G4,800,29.793460570042953,0.2883398987865723,0.9894306828321703,16.417539596557617,973.467602070421,0.7641437253005026,7.126826492685865,20.354276657104492
0060_003_S6_00100_00100_4400_L,010_9_10,S6,100,24.885331043740734,0.28689588579185615,0.4588779411965369,32.37653732299805,191.07368805911392,0.3794208661921189,2.469815275294543,33.88795852661133
0060_003_S6_00100_00100_4400_L,010_7_4,S6,100,3.6243878453969955,0.25194515275901225,0.32926908929877813,24.006797790527344,158.44919818243943,0.3509151935853394,2.5642605472733355,21.791988372802734
0060_003_S6_00100_00100_4400_L,010_4_16,S6,100,3.6920005863066763,0.2791268309713791,0.3518803424521228,25.09009552001953,143.69512234535068,0.35175472729716956,2.4163164759223292,18.443424224853516
0062_003_S6_03200_02500_4400_L,010_6_2,S6,3200,131.7149959653616,0.31828004897541534,2.1179349328424166,16.443361282348633,9908.616543726763,0.8658605423701191,20.697133751482493,22.796615600585938
0062_003_S6_03200_02500_4400_L,010_0_6,S6,3200,154.1549693623092,0.36288460898966846,2.328089089352193,20.973121643066406,7693.708095920971,0.8567013148832782,18.389650069918012,20.601516723632812
0062_003_S6_03200_02500_4400_L,010_3_8,S6,3200,63.419646587222815,0.3079953627516552,1.465455421267155,20.986190795898438,6163.3594548681285,0.8302078482716596,15.90379681040664,19.562885284423828
0063_003_GP_00100_00100_4400_N,010_5_2,GP,100,10.094127714401111,0.28308869277727217,0.44676060715194654,35.495826721191406,65.76938955090009,0.3148741822641204,1.5972818992081415,35.13908386230469
0063_003_GP_00100_00100_4400_N,010_9_10,GP,100,32.23626362439245,0.3022104954465822,0.5703107920274201,39.1629638671875,99.08516973257065,0.33518410993605646,1.6568393656026572,40.4343147277832
0063_003_GP_00100_00100_4400_N,010_6_9,GP,100,34.43850968568586,0.353781997394259,0.7374600682737436,41.97807693481445,99.97190898284316,0.38373470043607616,1.8145239265686526,38.542930603027344
0064_003_GP_01600_01600_4400_N,010_8_0,GP,1600,16.999915104126558,0.2837675200092693,0.7158780189488293,20.794090270996094,897.6722555456217,0.6794710016066223,6.8961990998728,15.483682632446289
0064_003_GP_01600_01600_4400_N,010_3_12,GP,1600,19.55655929981731,0.34259424412494077,0.8273108697797135,37.0507926940918,1377.9234354549553,0.790516129629818,8.813401929047727,20.368741989135742
0064_003_GP_01600_01600_4400_N,010_8_14,GP,1600,49.54109963402152,0.2876410156816713,1.371169367674723,19.97698402404785,1386.8509200653061,0.7750937395356333,8.274869999900265,22.93248748779297
0065_003_GP_10000_08460_4400_N,010_0_10,GP,10000,142.30444097868167,0.35402316995401417,1.8779224339422071,36.05420684814453,7165.372613629093,0.8162538511357127,18.87917672975389,19.758806228637695
0065_003_GP_10000_08460_4400_N,010_10_9,GP,10000,59.58603000547737,0.302997372642501,1.6695509107546396,20.062728881835938,5998.409754836699,0.7996391879950069,17.37345437186363,22.745563507080078
0065_003_GP_10000_08460_4400_N,010_8_10,GP,10000,84.6352982185781,0.34535546352025887,1.8361059758935594,29.063232421875,6967.632291651331,0.8231672209164771,18.88127779984879,26.35753631591797
0066_003_GP_00100_00200_3200_L,010_3_3,GP,100,7.693738277768716,0.30455924873256046,0.5587080598970484,17.110836029052734,181.91967131849378,0.40891967300659465,3.0716078246482255,15.260787963867188
0066_003_GP_00100_00200_3200_L,010_9_9,GP,100,4.816632941132411,0.2434378768882666,0.4302080210209029,24.248062133789062,129.84909605025314,0.324879048405867,2.417345679750763,20.153636932373047
0066_003_GP_00100_00200_3200_L,010_4_7,GP,100,11.120047718053684,0.3538240186240819,0.6728731386853778,20.156517028808594,163.62883347994648,0.4326218343967357,2.5168204149234206,16.61528778076172
0068_003_IP_00200_00400_3200_N,010_10_8,IP,200,11.276801550528035,0.33823537942295734,0.467154234262064,33.907386779785156,435.6057416861877,0.5446378022570741,3.862725910680531,25.48099708557129
0068_003_IP_00200_00400_3200_N,010_4_0,IP,200,30.116770289605483,0.3143337104272607,0.48592444643634564,28.90209197998047,323.5960679790005,0.45711782974332277,4.236623295178596,21.246774673461914
0068_003_IP_00200_00400_3200_N,010_6_14,IP,200,8.031356688356027,0.26667743121375925,0.6011983382462858,21.042190551757812,703.7583767564502,0.6272805273715829,6.329570130438083,22.219074249267578
0069_003_IP_01000_02000_3200_N,010_1_5,IP,1000,8.111829194938764,0.30668305575727356,0.666814471663082,25.6755313873291,432.5558195763733,0.5356064427830458,6.0579379870442756,27.854534149169922
0069_003_IP_01000_02000_3200_N,010_6_6,IP,1000,16.733003064757213,0.3137832145011725,0.5145943666119789,37.179439544677734,481.81181502342224,0.5415148339728878,4.513422788933605,36.5850830078125
0069_003_IP_01000_02000_3200_N,010_0_0,IP,1000,12.62803367502056,0.3354348747871425,0.6011983382462858,15.69043254852295,628.8971405026969,0.6260848701527129,5.284937624104693,14.421943664550781
0070_003_IP_02000_04000_3200_N,010_3_2,IP,2000,6.549636522075161,0.23720878474021204,0.5349879937220902,24.419265747070312,720.9983207499608,0.6143047109069903,6.09308023574422,21.681976318359375
0070_003_IP_02000_04000_3200_N,010_7_3,IP,2000,7.3894726221915334,0.28848210471188623,0.5372056197653217,24.619762420654297,692.0160522377118,0.6224543112021564,5.673626292630637,17.90988540649414
0070_003_IP_02000_04000_3200_N,010_2_0,IP,2000,9.616176246665418,0.276091553260014,0.6066627941611817,18.977558135986328,567.7812499543652,0.5761283180634844,5.16760532463788,21.543853759765625
0072_003_IP_01000_02000_5500_L,010_7_4,IP,1000,8.525723895989358,0.24630673865088049,0.498041780480931,17.486373901367188,836.5381106426939,0.6782773220843336,5.583992987485181,20.748857498168945
0072_003_IP_01000_02000_5500_L,010_10_7,IP,1000,10.218230619095266,0.29684773265276143,0.537205619765321,17.538564682006836,733.7956165671349,0.6555566056967558,4.9378479172668905,19.867122650146484
0072_003_IP_01000_02000_5500_L,010_9_5,IP,1000,8.808990403078496,0.22970058799189058,0.5063180735464554,17.072147369384766,905.6860382407904,0.7029514187876585,5.619374063764664,19.885356903076172
0073_003_IP_00200_01000_5500_L,010_4_1,IP,200,6.508773797890171,0.24027641766011507,0.5664697510483557,23.610437393188477,709.3553137397394,0.6163156313830794,6.989137512864075,21.433191299438477
0073_003_IP_00200_01000_5500_L,010_9_8,IP,200,5.520843504928052,0.24083686699543916,0.479865779414048,21.31106948852539,570.2537897860166,0.540888158687217,5.668538551462624,20.50204086303711
0073_003_IP_00200_01000_5500_L,010_7_4,IP,200,5.423685900634155,0.24703831131466808,0.5041004475032252,18.630352020263672,598.5212237907108,0.5625329764352474,6.073164263793191,18.708131790161133
0075_004_N6_00800_00080_3200_L,010_7_5,N6,800,25.661744674434885,0.39667789165588757,0.8008585756473009,24.11853790283203,1523.8420670991763,0.8361893919442727,9.428579843853973,19.218780517578125
0075_004_N6_00800_00080_3200_L,010_1_10,N6,800,15.597243099473417,0.3747474420276207,0.7925822825817818,14.388511657714844,1499.80123847723,0.8203959444820875,9.486434286119461,13.938965797424316
0075_004_N6_00800_00080_3200_L,010_11_15,N6,800,18.037898004055023,0.34237669861256625,0.89736225528297,18.361766815185547,1658.635601839982,0.7981403807729133,10.453412934184646,18.786224365234375
0076_004_N6_03200_00320_3200_L,010_3_9,N6,3200,57.767879381543025,0.3496656266039773,1.4979663824218543,14.869346618652344,6408.399470789125,0.853772804953009,18.859297704557985,14.388866424560547
0076_004_N6_03200_00320_3200_L,010_11_3,N6,3200,76.87088709976524,0.4282646713751217,1.686103496885684,16.699909210205078,4976.095769032836,0.873419642838645,16.36053673475313,17.366573333740234
0076_004_N6_03200_00320_3200_L,010_6_4,N6,3200,88.6599435210228,0.3699026674666657,1.8374322852756892,23.264602661132812,6757.0578400881495,0.8571430427055199,20.40157966108932,17.588119506835938
0077_004_G4_00100_00025_3200_N,010_8_9,G4,100,6.005579753778875,0.2977751277982016,0.3954794338229716,24.81247901916504,123.30508087575436,0.3577432719077771,2.4924265284478797,19.71568489074707
0077_004_G4_00100_00025_3200_N,010_5_5,G4,100,4.237623359775171,0.3517336397464,0.34803930147305745,15.175021171569824,168.82901000604033,0.43182172897869936,2.8503655379222987,15.211773872375488
0077_004_G4_00100_00025_3200_N,010_0_0,G4,100,3.1617785745766014,0.27265086165339897,0.3419806344507644,20.505937576293945,214.87771082576364,0.41675730157804614,3.383730116708557,20.61368751525879
0078_004_G4_00200_00050_3200_N,010_6_3,G4,200,11.87536358460784,0.4032507434157385,0.46109556723976947,16.436323165893555,259.57868380262516,0.5174635024571312,3.452158087275974,18.39647674560547
0078_004_G4_00200_00050_3200_N,010_3_10,G4,200,22.44011702761054,0.3787216751578285,0.39932047480203536,28.578697204589844,279.65589428669773,0.4999171442314498,3.4208938263102375,22.0253849029541
0078_004_G4_00200_00050_3200_N,010_5_13,G4,200,8.13636740646325,0.34410896604344127,0.45281927417424467,21.10207748413086,203.07386560714804,0.4374444699480763,3.1598352112183647,18.06789779663086
0080_004_S6_00200_00050_3200_N,010_0_12,S6,200,4.113596241688356,0.33216619748157045,0.36237426156087743,16.56211280822754,442.1274446675088,0.5291503560666506,4.08099714186947,14.145395278930664
0080_004_S6_00200_00050_3200_N,010_10_16,S6,200,5.748946713050827,0.28450733487361735,0.44454298110872337,22.572792053222656,781.2771589420736,0.6652268264327601,5.667625903582501,18.73029327392578
0080_004_S6_00200_00050_3200_N,010_3_2,S6,200,13.848607882857323,0.39989090372134184,0.4715894863485248,16.925216674804688,565.7284624641761,0.6438499145203284,4.496275991695155,19.377817153930664
0081_004_S6_00800_00160_4400_L,010_9_2,S6,800,15.461405381560326,0.3840012141011534,0.6480442594888006,17.11280059814453,2129.5582269371953,0.8344745897028218,8.877988858636085,15.824477195739746
0081_004_S6_00800_00160_4400_L,010_9_14,S6,800,12.103528413688764,0.36571942149125974,0.666814471663082,26.955162048339844,1431.2357418229803,0.8213565603867552,8.438337453553883,21.798324584960938
0081_004_S6_00800_00160_4400_L,010_2_8,S6,800,8.957730538211763,0.30820804864853063,0.5537582058963705,18.688207626342773,1720.8969711661339,0.7802642241056649,8.499597944077397,15.496034622192383
0083_004_GP_00050_00020_4400_N,010_3_1,GP,50,101.57443158980459,0.4375325345749309,0.6276506323786889,26.594724655151367,253.61868089064956,0.5028351855482616,2.4599155672931867,28.594865798950195
0083_004_GP_00050_00020_4400_N,010_0_9,GP,50,20.51029945886694,0.3766749763979153,0.3375453823643018,24.052799224853516,72.71962159872055,0.4004177562107155,1.341390634477472,22.237022399902344
0083_004_GP_00050_00020_4400_N,010_8_5,GP,50,12.34284324105829,0.3752107558270807,0.44676060715195415,25.059545516967773,66.95489845215343,0.4002523866095228,1.687726911821514,23.76508140563965
0084_004_GP_00200_00100_4400_N,010_10_13,GP,200,5.4345874190330505,0.3422596470044491,0.483706820393113,20.80239486694336,364.80739991157316,0.5285269476239294,4.33372118592166,23.49340057373047
0084_004_GP_00200_00100_4400_N,010_10_14,GP,200,4.780527805676684,0.37156502639751754,0.4633131932830021,22.981597900390625,195.206755500054,0.4608466311849356,2.9937151388004786,22.22703742980957
0084_004_GP_00200_00100_4400_N,010_7_12,GP,200,12.106884520268068,0.3084708114063356,0.522870659677502,25.53293228149414,139.2684404158499,0.37019182992204813,2.5018912437282026,20.592472076416016
0086_004_GP_00100_00100_5500_L,010_10_10,GP,100,12.56364689185284,0.33775862842680626,0.8171140562246536,18.874956130981445,207.17299605882727,0.4337834748679017,3.379294864622096,18.538070678710938
0086_004_GP_00100_00100_5500_L,010_8_1,GP,100,11.013940539211035,0.2965078812745595,0.7556360693406193,17.94343376159668,163.395702538779,0.4036979605470141,2.953522095687653,17.38296890258789
0086_004_GP_00100_00100_5500_L,010_1_10,GP,100,7.201457673450932,0.29259567250099855,0.5101591145255187,17.52899169921875,269.50372109469026,0.4317646742901243,3.5238328877150717,14.975885391235352
0087_004_GP_00800_00640_5500_L,010_1_10,GP,800,18.796904981136322,0.27970014500984014,0.8196287878215834,15.351576805114746,953.7272635584231,0.7292935523340832,7.227250822493773,14.737377166748047
0087_004_GP_00800_00640_5500_L,010_7_1,GP,800,22.892894441029057,0.33297984922873886,0.9387437206105879,18.526674270629883,729.7861734479666,0.6720030435852877,6.683827317319796,18.674089431762695
0087_004_GP_00800_00640_5500_L,010_8_13,GP,800,21.341018670937046,0.2894156245921832,0.8228756176932487,19.82367515563965,884.9406119547784,0.7078412826168325,6.967714681925531,21.652721405029297
0088_004_IP_00100_00050_5500_N,010_1_7,IP,100,6.891648277640343,0.4015630990141709,0.5002594065241637,21.48131561279297,203.02831172943115,0.48599492233173813,3.229451604000578,18.76740264892578
0088_004_IP_00100_00050_5500_N,010_3_2,IP,100,9.01273250579834,0.3665730179028301,0.48370682039311325,15.994001388549805,258.32316259643994,0.4772814165303028,3.333043154486982,16.24655532836914
0088_004_IP_00100_00050_5500_N,010_8_0,IP,100,14.896894647739828,0.37560592497809,0.6133156722908729,23.18606185913086,352.8651514311787,0.5467660752690242,3.9408943708629542,18.346506118774414
0089_004_IP_00500_00250_5500_N,010_9_13,IP,500,14.211317784851417,0.381594792635646,0.6888315137090246,24.447372436523438,521.2534316999372,0.6092909561364891,5.170772545316366,21.25489616394043
0089_004_IP_00500_00250_5500_N,010_6_11,IP,500,10.341032858937979,0.3157193373632934,0.7098193519265338,22.993995666503906,492.0966511515435,0.5434998239153447,5.6363033646425995,15.465886116027832
0089_004_IP_00500_00250_5500_N,010_2_4,IP,500,7.880355665227398,0.34931453303882276,0.5680931659841888,19.931324005126953,653.5584397455677,0.6358334011972658,5.3775206535681095,18.993488311767578
0090_004_IP_01600_00750_5500_N,010_8_11,IP,1600,14.999704632675275,0.3144912860598165,0.8024819905831366,20.067922592163086,553.3366087672766,0.5968319541744217,5.606169247917489,20.58768081665039
0090_004_IP_01600_00750_5500_N,010_2_14,IP,1600,7.803431040607393,0.31753117877761305,0.6833670577941305,16.7447566986084,590.0697947551962,0.5933450233234222,6.3439050905259,16.64370346069336
0090_004_IP_01600_00750_5500_N,010_4_12,IP,1600,10.543070932617411,0.29778355829068504,0.7553389637869198,16.08027458190918,648.7917763283476,0.6146068247157231,6.315611885097145,17.279705047607422
0091_004_IP_00320_00080_3200_L,010_5_7,IP,320,33.46621795347892,0.3967841489557353,0.8046996166263685,29.894805908203125,537.9804640999064,0.6271838913248869,5.4805179929471075,17.42374038696289
0091_004_IP_00320_00080_3200_L,010_5_13,IP,320,8.988356435438618,0.34156540597396445,0.7180956449920606,21.713680267333984,527.0991399288177,0.5805599233880114,6.036196719333007,17.631427764892578
0091_004_IP_00320_00080_3200_L,010_6_2,IP,320,45.4618077611085,0.40111347908874817,0.8234698288006461,33.03645324707031,464.8613082522061,0.5948079809129538,5.114939563952608,20.577678680419922
0092_004_IP_00640_00125_3200_L,010_7_7,IP,640,70.40369103266858,0.4169462405798446,1.01485377313614,31.678081512451172,604.4959436540958,0.6581974292395245,5.675467203926985,30.494970321655273
0092_004_IP_00640_00125_3200_L,010_6_5,IP,640,20.596811938798055,0.3884516560071299,0.7390834832095695,26.769100189208984,558.5525913499296,0.6353420678451441,5.782899795392443,17.990999221801758
0092_004_IP_00640_00125_3200_L,010_1_0,IP,640,10.127702969824895,0.2700315324981077,0.6977020178819492,16.867507934570312,452.2126158326864,0.5294375374653554,5.318854503834705,17.482322692871094
0094_005_N6_00100_00050_3200_L,010_1_9,N6,100,3.6589069885667413,0.23945136941707895,0.3827678886709877,18.452194213867188,105.81890523340553,0.29768949696324726,2.4466098110338055,17.107500076293945
0094_005_N6_00100_00050_3200_L,010_1_3,N6,100,3.5801185925956815,0.2542618953766612,0.39104418173651384,20.9881534576416,125.66747536882758,0.31912930067398965,2.742932946456849,17.82452392578125
0094_005_N6_00100_00050_3200_L,010_10_0,N6,100,3.8933245902881026,0.25805983609774086,0.4302080210209041,16.2899169921875,232.57206076732837,0.38028846940249544,3.85147856207802,16.958927154541016
0096_005_N6_01600_01000_3200_L,010_3_14,N6,1600,42.27193516655825,0.2738858025264148,1.4157976628740112,19.31964874267578,3436.6976655572653,0.787961353546118,14.299702814682442,20.708805084228516
0096_005_N6_01600_01000_3200_L,010_0_13,N6,1600,43.169009431265295,0.2630824147863199,1.2845653960404135,20.64490509033203,3348.025978951715,0.785958450877647,13.954257853999499,21.771106719970703
0096_005_N6_01600_01000_3200_L,010_7_14,N6,1600,82.50171566009521,0.3327061718792005,1.7008734496945406,18.812009811401367,3167.816607674351,0.8139285929568177,10.160596787431833,20.988807678222656
0097_005_N6_03200_02000_3200_L,010_6_7,N6,3200,106.96439887001179,0.3539448323527066,2.21946807567194,22.584941864013672,6570.440028393408,0.852551608224148,15.89753626255994,23.62058448791504
0097_005_N6_03200_02000_3200_L,010_1_4,N6,3200,93.05816642846912,0.29451094407895173,2.0672479706208406,20.146648406982422,7211.895750593161,0.8348494706802823,20.58468731235929,23.15316390991211
0097_005_N6_03200_02000_3200_L,010_7_14,N6,3200,180.88986446126364,0.3757426599562825,2.708204359258909,21.705101013183594,6143.310120682931,0.85135843411566,15.8410138453595,23.816932678222656
0098_005_G4_00100_00050_3200_N,010_1_6,G4,100,8.010085668182,0.2957409189024163,0.5063180735464584,25.039775848388672,82.61517332494259,0.3294520148223265,1.9955731701817534,23.153846740722656
0098_005_G4_00100_00050_3200_N,010_0_1,G4,100,3.85998497903347,0.27872316562705735,0.37670922164869314,20.71954345703125,82.88069147593342,0.3180117245202015,2.109658639776892,17.766895294189453
0098_005_G4_00100_00050_3200_N,010_0_8,G4,100,7.751626504352316,0.29539492872138845,0.4776481533708281,22.665386199951172,84.57556253299117,0.3310915658762308,1.985673462180392,22.109569549560547
0099_005_G4_00400_00200_3200_N,010_8_1,G4,400,6.739382848143578,0.32259509511435625,0.4671542342620638,15.845308303833008,393.23556515201926,0.5005970067144606,3.985363447675877,15.370453834533691
0099_005_G4_00400_00200_3200_N,010_7_1,G4,400,6.151878624223173,0.30338119325619994,0.47543052732758895,16.7962703704834,301.71179028972983,0.43933706916540355,3.989522925427662,15.798133850097656
0099_005_G4_00400_00200_3200_N,010_0_5,G4,400,8.840910520404577,0.28935760550591516,0.5493229538099098,24.371604919433594,267.82100345846266,0.40879764287401066,3.7650338088300814,18.356645584106445
0101_005_S6_00100_00050_4400_L,010_1_8,S6,100,5.5802139264997095,0.27174940575381795,0.4407019401296583,22.592132568359375,111.27006505406462,0.32433145065116414,2.1720279433220266,19.546138763427734
0101_005_S6_00100_00050_4400_L,010_0_7,S6,100,4.0524288394954056,0.26425550126148356,0.39932047480203153,18.91776466369629,129.80508349835873,0.32792135086438495,2.346424308805428,18.05875015258789
0101_005_S6_00100_00050_4400_L,010_0_16,S6,100,4.126059710048139,0.25341188151187827,0.39104418173650285,17.563371658325195,157.28992339759134,0.3332925357169755,2.578436288974787,17.925987243652344
0102_005_S6_00400_00200_4400_L,010_3_12,S6,400,11.986334530403838,0.34857384698256644,0.6094746313118081,23.27383041381836,498.59677420556545,0.5593549783022596,4.178530025333568,19.734607696533203
0102_005_S6_00400_00200_4400_L,010_0_8,S6,400,10.265889585018158,0.25962969283957094,0.5890810042017024,17.80410385131836,460.167848121142,0.47529119582125473,4.426224606191897,18.720674514770508
0102_005_S6_00400_00200_4400_L,010_5_19,S6,400,17.85762794665061,0.33796187995066496,0.8024819905831352,24.718584060668945,1152.1493193840142,0.788225758399104,7.02770714104107,19.447784423828125
0104_005_S6_03200_01600_4400_L,010_2_0,S6,3200,192.25653832755052,0.3650231816574888,2.2895194611752085,19.466304779052734,13333.357074007392,0.8922877828912932,23.224558925780073,27.326765060424805
0104_005_S6_03200_01600_4400_L,010_2_19,S6,3200,162.09332791622728,0.3814510369025005,2.2917370872184386,17.341341018676758,12059.074156573974,0.8966447459628644,22.535568193684682,23.600589752197266
0104_005_S6_03200_01600_4400_L,010_7_19,S6,3200,143.63243804872036,0.35730542426648826,2.1764631954084828,15.376663208007812,12175.20909023285,0.8870481885195745,22.640231610437553,22.765085220336914
0105_005_GP_00100_00100_4400_N,010_7_12,GP,100,10.20842734631151,0.34577029474271614,0.5018828214599923,20.424888610839844,120.61230923142284,0.403605672693866,2.4074459717494077,18.458900451660156
0105_005_GP_00100_00100_4400_N,010_2_4,GP,100,20.178424145793542,0.29541397663803887,0.957216827231171,19.981788635253906,79.03435492515564,0.3217790558869296,2.1290230630585865,19.166988372802734
0105_005_GP_00100_00100_4400_N,010_8_11,GP,100,5.402435294352472,0.3800624782986838,0.46109556723977213,20.199329376220703,80.02042991458438,0.41404285180364647,1.8819226933076365,18.639673233032227
0106_005_GP_00400_00400_4400_N,010_1_11,GP,400,16.582609518431127,0.2702438637814551,0.9183500935004792,26.828643798828125,195.85780334472656,0.3559215374853109,3.492510348775171,21.064239501953125
0106_005_GP_00400_00400_4400_N,010_8_6,GP,400,5.667984002968296,0.39253301660254625,0.498041780480926,26.179391860961914,228.99787680408917,0.48949441147484174,3.326390276357285,21.277956008911133
0106_005_GP_00400_00400_4400_N,010_8_7,GP,400,5.6086574455257505,0.34569836552853117,0.5311469527430307,17.209667205810547,215.6566156744957,0.4365931377299303,3.697040830983687,14.297510147094727
0107_005_GP_01600_01600_4400_N,010_7_1,GP,1600,21.880523345433176,0.31103221959071764,1.050176571441468,14.839224815368652,1598.9570107720792,0.776955460297202,9.698233188784087,16.252138137817383
0107_005_GP_01600_01600_4400_N,010_3_10,GP,1600,28.842115845531225,0.29112973903073724,1.282347769997183,21.90774154663086,659.8243546260055,0.5679809980399119,6.464367663916064,17.910934448242188
0107_005_GP_01600_01600_4400_N,010_5_9,GP,1600,31.81935117742978,0.44762060512872975,0.7798707374297993,17.099157333374023,2222.9087412448134,0.8744584802296823,7.205509554782497,15.782560348510742
0108_005_GP_06400_06400_4400_N,010_2_11,GP,6400,37.19985207542777,0.30213232251771754,1.3083650714085644,19.10386085510254,3487.887909292942,0.76600424287524,12.75271554741289,32.07376480102539
0108_005_GP_06400_06400_4400_N,010_10_4,GP,6400,41.533979795640334,0.28506537196106063,1.4489028351361066,14.885198593139648,4843.552863836288,0.7994344523416536,16.693248819065072,28.903778076171875
0108_005_GP_06400_06400_4400_N,010_6_13,GP,6400,117.53663635044359,0.4812305928524277,1.9360157037872445,18.701129913330078,7549.564346190309,0.9130809470608459,14.09382469187277,21.78990936279297
0110_005_IP_00100_00100_5500_L,010_5_0,IP,100,8.189025178318843,0.3223660081095494,0.6381445514874465,20.84832763671875,234.56686149537563,0.43838838696701693,4.363261091539375,19.174888610839844
0110_005_IP_00100_00100_5500_L,010_6_11,IP,100,8.766983031993732,0.3861429147044149,0.9221911344795409,16.684837341308594,509.4465566119179,0.6003214653136124,7.92441690724248,17.411558151245117
0110_005_IP_00100_00100_5500_L,010_6_0,IP,100,8.136751482030377,0.32557928215251813,0.6524795115752631,17.937211990356445,247.494163765572,0.4507534598650346,4.515481196590472,15.60694694519043
0111_005_IP_00400_00400_5500_L,010_6_9,IP,400,15.958035713993013,0.3082016576752826,1.1670738781872434,16.64864730834961,678.2531431009993,0.6251390770136971,8.986196210814315,18.046022415161133
0111_005_IP_00400_00400_5500_L,010_0_8,IP,400,10.25558839715086,0.25385661545809685,0.7209074821426968,18.065486907958984,337.80488610244356,0.42445491227975046,5.006949708134891,18.168869018554688
0111_005_IP_00400_00400_5500_L,010_10_5,IP,400,8.013487628661096,0.2742469119534286,0.5228706596775021,16.725788116455078,764.3662435205188,0.6481489179412285,5.422881047042132,16.704126358032227
0113_005_IP_01600_01520_5500_L,010_10_0,IP,1600,6.589734848588705,0.25293897036723967,0.5454819128308449,18.031150817871094,685.9268315320369,0.6247162893850261,6.9913551389073065,18.180442810058594
0113_005_IP_01600_01520_5500_L,010_5_8,IP,1600,8.46720883413218,0.3074913917770105,0.9282498015018344,19.657470703125,502.2182695174124,0.5631260035613367,7.208162173546775,17.816631317138672
0113_005_IP_01600_01520_5500_L,010_4_6,IP,1600,10.905134999891743,0.23939805735821906,0.7754354853433334,19.547672271728516,600.5537495834287,0.5543891908579772,6.737601891026681,23.20688247680664
0114_005_IP_00100_00200_5500_N,010_10_7,IP,100,6.578683981439099,0.3452725322633672,0.46271898217560237,17.581832885742188,241.78762291371822,0.4574178098741981,3.152153129260242,17.071796417236328
0114_005_IP_00100_00200_5500_N,010_3_11,IP,100,51.02400793787092,0.3132084070647521,1.4676730473103845,18.56134033203125,196.01748472359031,0.3809133325157235,3.4240823782077485,18.18738555908203
0114_005_IP_00100_00200_5500_N,010_2_12,IP,100,34.15440684184432,0.31837251933854915,1.3948098246565015,19.553438186645508,170.3901009624824,0.37997777202267796,3.4533465094907925,18.412460327148438
0115_005_IP_00400_00750_5500_N,010_2_11,IP,400,24.686568895122036,0.2967297440782087,1.1309393724139987,19.341079711914062,307.24985834863037,0.4283756273156231,4.559239506347692,17.6905460357666
0115_005_IP_00400_00750_5500_N,010_8_10,IP,400,11.118941701715812,0.38893150272471105,0.672873138685378,19.048171997070312,640.8484637250658,0.6750271781051252,6.276883038533792,19.138994216918945
0115_005_IP_00400_00750_5500_N,010_6_4,IP,400,10.306716665392742,0.43132410635194746,1.0849051586393992,34.76789093017578,408.3445874415338,0.60454327716985,7.408257403668831,19.568408966064453
0116_005_IP_00800_01520_5500_N,010_1_13,IP,800,9.821717818966135,0.25984643984452876,0.7451421502318665,15.05778694152832,377.6010720729828,0.4495455372595151,5.501505831164614,17.102937698364258
0116_005_IP_00800_01520_5500_N,010_6_11,IP,800,11.590042112162337,0.36197109153336904,1.1858440903615237,17.35130500793457,803.8853550618514,0.70720813184261,9.280439607361467,16.89006805419922
0116_005_IP_00800_01520_5500_N,010_2_1,IP,800,10.768488273024559,0.26973989803641785,0.7677534033852048,19.517587661743164,410.71645984216593,0.472513206907291,5.742271759558581,19.7220458984375
0117_005_IP_01600_04160_5500_N,010_3_6,IP,1600,12.448952220147476,0.24146044729789748,0.8289342847155393,19.247228622436523,475.4066299421247,0.49176978354351236,5.93852594870157,20.67706298828125
0117_005_IP_01600_04160_5500_N,010_6_8,IP,1600,10.505416786065325,0.24369191224536418,1.0826875325961676,21.7938175201416,496.1286903908476,0.5405070014888637,7.536402059017115,20.329288482666016
0117_005_IP_01600_04160_5500_N,010_3_11,IP,1600,9.067359236767516,0.2544703832038828,0.6668144716630868,16.970775604248047,562.8701166948304,0.5386332787720701,6.141433015974253,21.3778076171875
0118_006_N6_00100_00025_3200_L,010_10_11,N6,100,3.9366269519086927,0.3213161742854871,0.3706505546263998,17.462970733642578,202.64732718467712,0.4216694637569132,2.9418397543641035,15.991018295288086
0118_006_N6_00100_00025_3200_L,010_5_1,N6,100,5.628130534430966,0.35977254624466515,0.4340490619999661,21.246646881103516,290.4908170364797,0.49631355364840546,3.56786697180696,17.236907958984375
0118_006_N6_00100_00025_3200_L,010_6_6,N6,100,8.002212354680523,0.3864286795112331,0.41365543488985496,19.001205444335938,245.68575989617966,0.4992762068888696,2.864382061237398,23.63408660888672
0120_006_N6_01600_00400_3200_L,010_10_3,N6,1600,27.842236082768068,0.29409080287891115,1.1030811597062806,24.833532333374023,2660.0440231801476,0.7869845764916241,11.64848291224695,18.004850387573242
0120_006_N6_01600_00400_3200_L,010_0_6,N6,1600,38.946324214339256,0.28179490682628366,1.2867830220836456,19.476409912109375,3478.3874504414853,0.7889099229953666,14.591590698019028,21.58478355407715
0120_006_N6_01600_00400_3200_L,010_8_14,N6,1600,52.42744445591234,0.3307857023727578,1.4273207858111994,21.693384170532227,3396.718717766693,0.8061492438540009,13.344724944713526,16.653018951416016
0121_006_N6_03200_01000_3200_L,010_6_4,N6,3200,276.59939554240555,0.42940205323389796,2.828783488597391,18.485252380371094,4841.959955619415,0.8388760186330348,14.801469080194124,18.486984252929688
0121_006_N6_03200_01000_3200_L,010_0_11,N6,3200,93.41079097613692,0.31342817394448896,1.875864026285343,16.971025466918945,7170.3398722969,0.8392643694977778,19.452936232477374,20.9580135345459
0121_006_N6_03200_01000_3200_L,010_10_15,N6,3200,283.95147423353046,0.41315907467427837,2.9475430378585408,20.043119430541992,4779.9015405913815,0.8348464440096894,15.496221373758106,21.95184326171875
0122_006_G4_00100_00050_3200_N,010_8_2,G4,100,6.1612547701224685,0.30908476164971355,0.3954794338229733,26.702722549438477,87.13032503216527,0.34780789619131286,2.0141841639696705,20.951553344726562
0122_006_G4_00100_00050_3200_N,010_9_7,G4,100,6.566858177771792,0.31849771646186686,0.40759676786755666,33.32704162597656,87.34717923193239,0.35819009975886945,1.9739911208568364,36.07813262939453
0122_006_G4_00100_00050_3200_N,010_2_0,G4,100,3.036369109293446,0.2577003432493206,0.339763008407534,18.686838150024414,88.24449451919645,0.30248715289932865,2.2536024517624758,16.13416290283203
0123_006_G4_00400_00160_3200_N,010_1_10,G4,400,12.993656852981076,0.29761630732017674,0.5907044191375318,24.694812774658203,292.66635887976736,0.42565754037839304,4.062821140802581,21.109657287597656
0123_006_G4_00400_00160_3200_N,010_4_12,G4,400,15.710250802105293,0.3724295152197981,0.6409563886380657,29.349262237548828,366.8774108653888,0.5305053888990664,4.352926390816972,21.4842529296875
0123_006_G4_00400_00160_3200_N,010_5_12,G4,400,5.594615380978212,0.3185600647351341,0.4754305273275876,19.51133918762207,508.84186299866997,0.5620442138498991,5.519326448703642,18.250102996826172
0125_006_S6_00100_00050_4400_L,010_5_11,S6,100,3.824200924253091,0.38617014012769585,0.37065055462640123,18.84248161315918,222.11914046760648,0.4813879740843281,3.022544277362476,18.41520118713379
0125_006_S6_00100_00050_4400_L,010_1_4,S6,100,3.2332089683040977,0.3559919116979501,0.35409796849535463,20.876596450805664,177.77194410725497,0.4362519731501331,2.965204437011201,16.811275482177734
0125_006_S6_00100_00050_4400_L,010_4_10,S6,100,6.6995877956505865,0.42222785760514436,0.40537914182433016,30.976871490478516,263.1160278310999,0.5388377862096394,3.3518133666612546,34.136497497558594
0126_006_S6_00400_00200_4400_L,010_0_5,S6,400,4.404723029350862,0.24955941574940083,0.40759676786756155,18.25349998474121,636.8628181384411,0.5536677107060247,5.186136709232625,19.201610565185547
0126_006_S6_00400_00200_4400_L,010_1_10,S6,400,4.330611577024683,0.2654801370637162,0.39326180777974207,17.01692008972168,602.5134306997061,0.5460045106026807,4.797310153539336,19.51767921447754
0126_006_S6_00400_00200_4400_L,010_3_7,S6,400,5.924477122491226,0.3775534806808106,0.49582415443769984,26.059539794921875,898.993497149786,0.7728934239820098,6.250828790367289,22.8411865234375
0127_006_S6_01600_00800_4400_L,010_0_0,S6,1600,127.8673386236187,0.32581291654721883,1.6816682447992217,18.186735153198242,7518.7902118132915,0.8441456387364962,17.616236045476423,22.843791961669922
0127_006_S6_01600_00800_4400_L,010_3_9,S6,1600,42.17410267051309,0.409009212053582,1.3380641954126269,16.251678466796875,3630.452093090862,0.8760884109064978,12.141755388332584,14.837790489196777
0127_006_S6_01600_00800_4400_L,010_2_15,S6,1600,35.80980935320258,0.28938791652224816,1.1213367699663437,16.973819732666016,4178.625461048447,0.7952057461379359,12.973798615752457,19.74715805053711
0129_006_GP_00100_00100_4400_N,010_6_6,GP,100,36.4290445370134,0.5006317912891158,0.48267761656467395,36.8211669921875,190.48891853913665,0.566785518419015,1.753937256345706,35.5747184753418
0129_006_GP_00100_00100_4400_N,010_3_8,GP,100,7.420433413004503,0.3375357611137016,0.4158730609330819,20.344022750854492,61.38023728784174,0.3595805209770174,1.5819177352918936,22.894775390625
0129_006_GP_00100_00100_4400_N,010_6_11,GP,100,18.501213326118886,0.4710932932115197,0.5206530336342711,40.89334487915039,142.034965432249,0.5243888700427786,1.756154882388934,23.5357723236084
0130_006_GP_00400_00400_4400_N,010_8_2,GP,400,18.719231020426378,0.32815134875488045,0.6403621775306779,29.774410247802734,301.3350064752158,0.4551596601676781,3.1054450951850616,26.026077270507812
0130_006_GP_00400_00400_4400_N,010_7_12,GP,400,7.005004823207855,0.370777270949598,0.5228706596775058,18.246429443359375,286.0457901728805,0.49558574058329224,3.6037839812196837,16.89737319946289
0130_006_GP_00400_00400_4400_N,010_1_4,GP,400,5.8790127073880285,0.2754815742320134,0.4754305273275879,20.301403045654297,182.23609885177575,0.35834511339899827,2.771008655525082,17.091585159301758
0132_006_GP_00100_00200_5500_L,010_2_11,GP,100,6.383048585616052,0.26290602594636187,0.48814207247957303,18.545886993408203,217.74384581274353,0.3791195462986587,3.003614846801835,18.326248168945312
0132_006_GP_00100_00200_5500_L,010_4_0,GP,100,7.852786464383826,0.2683574377763004,0.5145943666119791,19.20921516418457,259.29940285906196,0.40751450963807523,3.5268622212262186,19.177568435668945
0132_006_GP_00100_00200_5500_L,010_2_5,GP,100,14.077285727253184,0.3334500958388398,0.676714179664439,24.06218719482422,263.68194318469614,0.45748277891496214,2.6501110894138824,22.28618049621582
0133_006_GP_00800_01600_5500_L,010_0_9,GP,800,15.63816469698213,0.26769416040696026,0.7263719380575866,22.239768981933594,1117.9448868536856,0.7469387596324601,7.364520425130638,22.465633392333984
0133_006_GP_00800_01600_5500_L,010_8_8,GP,800,12.48038387298584,0.3006890730533342,0.6999196439251789,18.46704864501953,895.3010688216891,0.7089806575504677,6.046117758553387,20.362276077270508
0133_006_GP_00800_01600_5500_L,010_8_11,GP,800,15.705199926160276,0.29852099269907717,0.7925822825817797,15.477171897888184,919.2860865646508,0.724984738915333,6.782230186225971,17.065277099609375
0134_006_IP_00100_00100_5500_N,010_10_0,IP,100,17.24020529887639,0.3787651632558756,0.898985670218804,25.39035415649414,168.85820937156677,0.4466419018618651,3.4653046251490083,25.04253387451172
0134_006_IP_00100_00100_5500_N,010_4_13,IP,100,7.765514550497755,0.27618791356505307,0.5206530336342701,18.398704528808594,171.35981674841605,0.3570742547868913,2.8687007573755445,17.678836822509766
0134_006_IP_00100_00100_5500_N,010_0_9,IP,100,10.357409343123436,0.30879597075381215,0.5168119926552162,17.156362533569336,165.49891524552368,0.3783588458264224,2.8879059622708585,16.574237823486328
0135_006_IP_00400_00400_5500_N,010_0_7,IP,400,9.116330391727388,0.3043320338189998,0.5289293266998002,22.34563446044922,505.81996892392635,0.5383428424736889,4.453430329818058,19.022506713867188
0135_006_IP_00400_00400_5500_N,010_8_9,IP,400,12.291025575017557,0.43864276772228694,0.7578536953838443,38.382286071777344,443.0892592212185,0.629243496013914,5.988777918202115,22.135757446289062
0135_006_IP_00400_00400_5500_N,010_7_10,IP,400,16.990504599176347,0.4103152125518275,0.6359269254442171,32.31890869140625,720.2319615930319,0.7237616564551055,4.744405565274531,21.034700393676758
0136_006_IP_00800_00800_5500_N,010_7_3,IP,800,13.633846178418025,0.333944784698161,0.8979564663903647,18.568504333496094,658.4175930386409,0.6442229247110084,7.131617128300184,18.255191802978516
0136_006_IP_00800_00800_5500_N,010_8_0,IP,800,14.197299660881981,0.3156681488780474,0.6706555126421442,23.59808349609375,474.8324370512273,0.5367028567220145,5.959593396112264,18.810884475708008
0136_006_IP_00800_00800_5500_N,010_1_5,IP,800,7.587112415349111,0.31623672000333186,0.5289293266997981,16.305747985839844,474.3860996356234,0.5364041896715281,4.727969535091789,17.347843170166016
0137_006_IP_01600_01600_5500_N,010_0_9,IP,1600,10.574954684823751,0.27855408237205925,0.5642521250051273,16.85784912109375,588.9049686172511,0.5593769838562765,5.8049168374383875,19.727277755737305
0137_006_IP_01600_01600_5500_N,010_7_5,IP,1600,10.594281084602699,0.2886164316120058,1.1129808677076358,19.349197387695312,978.9951823146548,0.7578868494671244,10.80988774710959,22.709396362304688
0137_006_IP_01600_01600_5500_N,010_10_13,IP,1600,9.436340323649347,0.3207586982997519,0.722530897078522,17.142818450927734,598.5641168297734,0.609171134196837,6.383228148196651,19.57013702392578
0138_006_IP_00100_00100_3200_L,010_2_10,IP,100,4.4776742903050035,0.2789605698556606,0.4754305273275885,21.78356170654297,210.15670686867088,0.38282526060208294,3.9578819497150426,16.345827102661133
0138_006_IP_00100_00100_3200_L,010_10_10,IP,100,6.0987052319105715,0.28776828334600024,0.6629734306840166,17.975975036621094,246.99131606868468,0.41621783041685867,4.960321283252895,16.251136779785156
0138_006_IP_00100_00100_3200_L,010_9_10,IP,100,7.083967931335792,0.33478788015289507,0.6464208445529707,16.76767921447754,289.66576596256346,0.47979381839490115,4.603273590439574,15.231009483337402
0139_006_IP_00200_00200_3200_L,010_10_10,IP,200,7.322989284060895,0.2859189785979973,0.728589564100818,18.160343170166016,496.27189310546964,0.5333424141312584,7.014995595889086,16.034931182861328
0139_006_IP_00200_00200_3200_L,010_3_0,IP,200,17.621867801761255,0.2583416819609438,0.5989807122030527,19.77496337890625,490.67969626537524,0.50800080733273,6.663868682930722,20.678943634033203
0139_006_IP_00200_00200_3200_L,010_5_8,IP,200,13.776521088322625,0.37349648730300894,0.7269661491649835,23.261310577392578,750.8884156011045,0.7017330242937644,6.664759999591818,17.076797485351562
0140_006_IP_00800_00800_3200_L,010_1_0,IP,800,6.439472611993551,0.2395160001083974,0.5575992468754336,20.305519104003906,695.9242933501955,0.6222451396581261,7.44958059102229,22.542648315429688
0140_006_IP_00800_00800_3200_L,010_8_5,IP,800,10.399703508010134,0.3509167940638983,0.91997350843631,23.985836029052734,617.1740374416113,0.6446796483799488,7.187768546436659,20.096111297607422
0140_006_IP_00800_00800_3200_L,010_3_11,IP,800,6.524717267602682,0.254328857967264,0.6276506323786916,19.252544403076172,738.1973047514912,0.6332290057696596,7.6371817723528785,20.289031982421875
0142_007_N6_00100_00100_4400_N,010_7_12,N6,100,6.834760382538661,0.3262161952966022,0.3827678886709858,35.565345764160156,97.03354983380996,0.36934224567849083,2.0985705095607416,28.963130950927734
0142_007_N6_00100_00100_4400_N,010_7_2,N6,100,9.046127300476655,0.28773107282764004,0.4075967678675623,20.58811378479004,85.63964360952377,0.32817697985694577,1.9596561607690213,21.002063751220703
0142_007_N6_00100_00100_4400_N,010_0_4,N6,100,3.169244931777939,0.3272140397009985,0.32926908929877946,17.505327224731445,83.78995462669991,0.3646450815590726,1.967338242727149,15.9823579788208
0144_007_N6_01600_01600_4400_N,010_7_8,N6,1600,29.947458911454305,0.32133976421422383,0.8929270031965088,45.240966796875,1482.811004593037,0.7639953235523899,8.678647058007785,18.48318099975586
0144_007_N6_01600_01600_4400_N,010_10_12,N6,1600,17.887068486772478,0.2815499948187181,0.7308071901440516,20.812084197998047,1596.379825993441,0.7425460974028172,9.345737304005544,19.624103546142578
0144_007_N6_01600_01600_4400_N,010_4_5,N6,1600,11.462676509283483,0.30790487421361096,0.6359269254442128,30.364402770996094,1393.9368378368672,0.7584530247100464,8.475145779627704,16.815610885620117
0145_007_N6_03200_03200_4400_N,010_8_2,N6,3200,59.76788087841123,0.3089498526904123,1.4809788035697762,27.505367279052734,3539.5604893786367,0.7884934839837829,14.222606220766513,26.055469512939453
0145_007_N6_03200_03200_4400_N,010_7_13,N6,3200,74.60515207587741,0.3537830339916059,1.7186144580403806,21.17247772216797,5487.778030158719,0.8423235796871023,17.384812560731543,16.718549728393555
0145_007_N6_03200_03200_4400_N,010_7_0,N6,3200,81.61117413989268,0.31695379157711384,1.5619591009028218,23.252403259277344,4134.205612983322,0.7965818346154175,15.627708083707361,22.250503540039062
0146_007_N6_00400_00400_4400_N,010_6_13,N6,400,10.351942754350603,0.2994789392066163,0.5250882857207363,30.21615982055664,373.8238687366247,0.46954392126930483,4.55421004315382,18.448810577392578
0146_007_N6_00400_00400_4400_N,010_3_0,N6,400,45.2009055649396,0.3242697314058135,0.49582415443770095,20.430225372314453,356.6417097710073,0.4654735200265933,4.454735307981172,16.16686248779297
0146_007_N6_00400_00400_4400_N,010_2_10,N6,400,5.695247884839773,0.2983326218529421,0.49804178048093234,15.647684097290039,301.6706162279006,0.43715729723729024,4.099013924549989,14.833285331726074
0147_007_G4_00100_00100_4400_L,010_1_2,G4,100,2.278150183847174,0.267216855678475,0.28404658299209423,16.73272132873535,138.36273721582256,0.3445264332883121,2.5184438298592506,16.19077491760254
0147_007_G4_00100_00100_4400_L,010_7_19,G4,100,2.49446091405116,0.27723372078695596,0.32099279623325333,15.669302940368652,200.81243396154605,0.3815491734340589,2.9048935411229397,17.082801818847656
0147_007_G4_00100_00100_4400_L,010_8_11,G4,100,4.35201985295862,0.32176936674468487,0.3932618077797452,22.76105499267578,192.54021786153316,0.4210496905634133,2.6761283908252533,23.135351181030273
0149_007_G4_00800_00800_4400_L,010_3_0,G4,800,16.3115610179957,0.27384444886451076,0.7859294044520858,18.43083953857422,1215.1624266707804,0.7414493721835305,7.542678222399926,18.412841796875
0149_007_G4_00800_00800_4400_L,010_2_1,G4,800,16.363936567446217,0.2946977646148135,0.7964233235608441,15.830881118774414,1273.671581163071,0.7586004919554619,7.664764210725925,16.356529235839844
0149_007_G4_00800_00800_4400_L,010_2_15,G4,800,14.130658037727699,0.268146270830338,0.7241543120143571,16.677724838256836,1370.4603974660859,0.7475232213767345,7.637500209125601,19.260982513427734
0150_007_S6_00100_00100_5500_L,010_4_1,S6,100,4.542702700709924,0.3048435641942221,0.37065055462639834,20.70775604248047,233.472388564609,0.4207222221705398,2.889529377206688,20.255399703979492
0150_007_S6_00100_00100_5500_L,010_10_3,S6,100,3.499694331549108,0.294989971003511,0.356315594538583,17.305274963378906,193.83007954712957,0.39733856910486764,2.7742554853967434,18.862489700317383
0150_007_S6_00100_00100_5500_L,010_7_19,S6,100,3.731765188043937,0.2871886290947261,0.36843292858317045,18.99397850036621,326.109390191501,0.44940998421645423,3.6161984208179736,17.83858299255371
0151_007_S6_00800_00800_5500_L,010_7_13,S6,800,11.662668499862775,0.28761062099112666,0.6254330063354608,24.592288970947266,1669.7181469267234,0.7677636392963976,8.320867266919729,15.828104019165039
0151_007_S6_00800_00800_5500_L,010_2_6,S6,800,8.848993357270956,0.2997018273844625,0.5432642867876153,15.652196884155273,1715.0388845568523,0.7736938535684478,8.270021086311784,15.740184783935547
0151_007_S6_00800_00800_5500_L,010_4_7,S6,800,9.767780249705538,0.29052569133696293,0.5763694590497135,21.791723251342773,1422.4600677692797,0.7614681170372122,7.701768701941236,16.15768814086914
0152_007_S6_01600_01600_5500_L,010_3_0,S6,1600,104.7784166187048,0.3300222395981486,1.6943797899512034,18.978960037231445,6560.848703291267,0.8348466589724313,16.09280391031255,19.107006072998047
0152_007_S6_01600_01600_5500_L,010_8_2,S6,1600,61.28527748212218,0.30578896065802313,1.4682672584177865,18.252029418945312,5427.602237608051,0.819843442437279,14.591415864096552,17.470077514648438
0152_007_S6_01600_01600_5500_L,010_0_8,S6,1600,69.61870956420898,0.30821987055689526,1.4268857930901646,16.11109161376953,4204.833718462847,0.8129461007126668,13.278196163416615,17.794841766357422
0154_007_S6_00400_00400_5500_L,010_0_10,S6,400,9.993057668209076,0.2911094164612857,0.5846457521152376,18.35572052001953,941.4081222377717,0.7201528765046729,6.2381541919704375,16.142213821411133
0154_007_S6_00400_00400_5500_L,010_4_7,S6,400,5.221284013008699,0.287181906611435,0.4423253550654893,20.92697525024414,615.594958386384,0.5799054515937144,5.122303209138013,16.325206756591797
0154_007_S6_00400_00400_5500_L,010_6_9,S6,400,13.469829618697986,0.2968846844876549,0.6298682584219214,37.385467529296875,542.277613713406,0.5504384709246354,4.757711321533908,21.962554931640625
0155_007_GP_00100_00100_5500_N,010_8_4,GP,100,37.155314318602905,0.3486197558759357,0.7616947363629132,19.71035385131836,121.38735764846206,0.3867325400263139,2.125182022079511,23.272634506225586
0155_007_GP_00100_00100_5500_N,010_10_5,GP,100,22.54143817629665,0.31879247135113425,0.862633668085033,21.95987319946289,77.98858642205596,0.3475199818833269,1.9618737868122575,22.27461814880371
0155_007_GP_00100_00100_5500_N,010_10_11,GP,100,21.784475918859243,0.28709342845219543,0.8422400409749246,29.928176879882812,97.86550897359848,0.32370476190075864,2.24976141078341,21.587535858154297
0156_007_GP_00800_00800_5500_N,010_8_10,GP,800,31.23432646691799,0.3540733877256833,0.9492376397193455,30.464618682861328,486.4740407054778,0.5495724497355168,5.01439296251347,17.863285064697266
0156_007_GP_00800_00800_5500_N,010_2_4,GP,800,6.480346620082855,0.31619436515401456,0.5432642867876148,16.91607666015625,396.7364195266273,0.48720214763378367,4.712329596840864,14.511861801147461
0156_007_GP_00800_00800_5500_N,010_7_4,GP,800,40.73201364814304,0.3100119778672942,0.8951446292397404,32.291419982910156,393.5581359406933,0.4678446094448273,4.576662077920805,18.576332092285156
0157_007_GP_01600_01600_5500_N,010_3_2,GP,1600,6.5305174654349685,0.30955861911951293,0.5063180735464575,14.15258502960205,980.7425074540079,0.731434108263725,7.546895978125871,16.020891189575195
0157_007_GP_01600_01600_5500_N,010_1_11,GP,1600,10.175719678401947,0.3152673944840714,0.6276506323786882,16.08875846862793,1684.9720150493085,0.7680699834509689,8.563967377305238,15.9498872756958
0157_007_GP_01600_01600_5500_N,010_4_9,GP,1600,7.65594419464469,0.2914277900789228,0.5636579138977275,20.350894927978516,842.0170575231314,0.6633683570346809,6.7071493375288425,16.766395568847656
0159_007_IP_00100_00100_3200_L,010_10_10,IP,100,27.15862536779605,0.31327169637522595,0.7120369779697707,32.394142150878906,217.777967432281,0.4104046855817829,3.546009148147379,22.327220916748047
0159_007_IP_00100_00100_3200_L,010_3_10,IP,100,4.019071920774877,0.2975405280688249,0.45725452626070767,19.581218719482422,186.92234294465743,0.3923639306536165,3.6903879528539942,15.756245613098145
0159_007_IP_00100_00100_3200_L,010_5_12,IP,100,4.28456101170741,0.29863670209567345,0.4754305273275892,18.336870193481445,204.63267497508787,0.4023692378273319,3.8044734224491417,14.570209503173828
0160_007_IP_00400_00400_3200_L,010_3_7,IP,400,5.332589789992198,0.2907391827138402,0.547699538874075,15.710779190063477,433.4391559623182,0.507348434964779,5.529740758619217,14.896896362304688
0160_007_IP_00400_00400_3200_L,010_1_5,IP,400,5.31509393453598,0.2980190927742882,0.5476995388740741,18.827529907226562,484.9729737115558,0.53181438029763,5.910391961659176,15.7830810546875
0160_007_IP_00400_00400_3200_L,010_6_2,IP,400,5.953574534505606,0.30825650320707276,0.5515405798531404,19.03297233581543,408.01016029622406,0.5046387079146888,5.374273823696445,15.931306838989258
0161_007_IP_00800_00800_3200_L,010_8_12,IP,800,9.047622456913814,0.28055441292290345,0.7021372699684099,19.174789428710938,642.1439323714003,0.6006227308431085,6.381090131346603,19.069917678833008
0161_007_IP_00800_00800_3200_L,010_4_10,IP,800,6.717568104853854,0.29251413436290563,0.6072570052685796,16.49361228942871,608.8340740872081,0.5922119269813034,6.283159201916605,15.930380821228027
0161_007_IP_00800_00800_3200_L,010_9_14,IP,800,11.944446325302124,0.3138206756974592,0.7015430588610122,19.03646469116211,635.442098765634,0.6116127623014076,5.960840096301216,17.846805572509766
0163_007_IP_00100_00100_3200_N,010_8_0,IP,100,65.05964818014763,0.3493303229126034,1.250431019949888,28.36260414123535,187.46976487874053,0.40986279798258174,3.3534367815970936,24.862926483154297
0163_007_IP_00100_00100_3200_N,010_0_10,IP,100,7.065797790884972,0.39587296652823417,0.5311469527430257,14.09703540802002,208.40983436233364,0.48354417414091433,3.8863663676623044,16.375391006469727
0163_007_IP_00100_00100_3200_N,010_8_14,IP,100,23.671408887719736,0.42415516781044554,0.7324306050798824,40.744510650634766,220.78722679521888,0.5098534378124489,3.093624866694174,28.509334564208984
0164_007_IP_00400_00400_3200_N,010_4_1,IP,400,5.434301128378138,0.31809663933744753,0.5063180735464571,15.862646102905273,307.08216855092905,0.4630891099619424,4.877102028657582,16.82143211364746
0164_007_IP_00400_00400_3200_N,010_10_6,IP,400,18.005847241729498,0.34441919199193466,0.7639123624061469,38.411827087402344,352.96499701496214,0.5016339365684932,5.003029057962643,26.958932876586914
0164_007_IP_00400_00400_3200_N,010_1_12,IP,400,6.42967221303843,0.34874695261094546,0.5824281260720074,15.198692321777344,439.73188100918196,0.5448337585048361,5.2501294277135875,15.521247863769531
0165_007_IP_00800_00800_3200_N,010_3_2,IP,800,5.318200524896383,0.3209745875608539,0.5349879937220919,17.837697982788086,410.5659645886626,0.5151740673735508,5.443078509010749,15.732827186584473
0165_007_IP_00800_00800_3200_N,010_10_9,IP,800,19.617599015822634,0.3281339097696405,0.7699710294284325,21.164127349853516,392.03981136507355,0.5045857164626284,5.367461727180394,15.915166854858398
0165_007_IP_00800_00800_3200_N,010_10_7,IP,800,11.583281978033483,0.32090941733326744,0.7164722300562271,28.417572021484375,430.94889150722884,0.5275256808414032,5.480083000226069,18.757753372192383
0166_007_IP_01600_01600_3200_N,010_8_14,IP,1600,9.568641323363408,0.3346121916597109,0.6381445514874465,18.520751953125,591.4028532356024,0.6027109208525148,5.80020581101725,15.708529472351074
0166_007_IP_01600_01600_3200_N,010_1_4,IP,1600,5.324446648126468,0.3124668255967284,0.551540579853139,16.0565185546875,495.75900026317686,0.5451033149153693,6.1414330159742585,15.150280952453613
0166_007_IP_01600_01600_3200_N,010_3_4,IP,1600,5.45394466817379,0.2792875729862878,0.5515405798531392,17.669754028320312,474.41785059776157,0.5184632877917978,5.882809523286132,15.836098670959473
0167_008_N6_00100_00050_4400_L,010_2_2,N6,100,22.637763023376465,0.3344176768887194,0.6833670577941304,26.02916145324707,367.86472487449646,0.509018303145621,4.206526125208626,26.050729751586914
0167_008_N6_00100_00050_4400_L,010_7_4,N6,100,36.93551320186816,0.3200145747747621,0.981748600874044,19.070842742919922,383.8966996760573,0.49574108386237764,4.095549598317805,24.723346710205078
0167_008_N6_00100_00050_4400_L,010_1_13,N6,100,10.939127824269235,0.3125493418270502,0.5333645787862588,17.304445266723633,340.9765302799642,0.4810047221859467,4.087490801612799,16.297073364257812
0168_008_N6_00400_00200_4400_L,010_9_15,N6,400,8.36679041176103,0.31235115458981827,0.5250882857207341,18.13445281982422,756.2870630396064,0.6727294395025369,6.501393486350406,18.28483009338379
0168_008_N6_00400_00200_4400_L,010_3_15,N6,400,10.062121257185936,0.25669998803937266,0.5515405798531402,21.19704818725586,872.45881145983,0.6985156639367947,7.058753905646299,21.769529342651367
0168_008_N6_00400_00200_4400_L,010_1_12,N6,400,11.088637601351365,0.2907845056053436,0.570310792027419,20.59273338317871,883.5206616835203,0.7103628506180246,6.929145053748537,16.978961944580078
0169_008_N6_00800_00400_4400_L,010_8_9,N6,800,24.6498430443462,0.28388903579652597,0.8091348687128251,21.507375717163086,1758.1841062866151,0.7716759791946253,9.409295029765468,22.413726806640625
0169_008_N6_00800_00400_4400_L,010_8_10,N6,800,22.662173637887463,0.2845305237902505,0.790364656538551,21.647918701171875,1744.2699528203811,0.7729766601811457,9.63903110591744,23.310272216796875
0169_008_N6_00800_00400_4400_L,010_2_11,N6,800,20.419006175361574,0.32288871760883425,0.8234698288006479,26.535240173339844,1610.2365761043038,0.7838246209136057,8.879633604790937,16.470062255859375
0170_008_N6_01600_00800_4400_L,010_6_1,N6,1600,52.63093660771847,0.3010800618033399,1.2851596071478146,17.6865234375,2794.356102890335,0.8030871418833495,12.029532161252808,20.703872680664062
0170_008_N6_01600_00800_4400_L,010_5_7,N6,1600,112.1722715459764,0.3695892407631769,1.7297025882565376,28.805227279663086,3307.850281815743,0.8176146793770728,13.311821653275837,20.026840209960938
0170_008_N6_01600_00800_4400_L,010_2_0,N6,1600,42.65378898382187,0.28644456542203506,1.1279100389028553,18.599956512451172,2451.727928902954,0.7997134752321695,10.897658809739669,21.351402282714844
0172_008_G4_00100_00100_4400_N,010_9_6,G4,100,71.65496100392193,0.35606575963091425,1.222790303602685,28.093868255615234,325.92002998292446,0.47590238721697886,3.1967814244595254,34.834999084472656
0172_008_G4_00100_00100_4400_N,010_0_3,G4,100,28.445509431650862,0.35415323823157036,0.7953941197324065,30.111909866333008,273.2040987943765,0.4732824563242855,3.4026595472691974,26.062347412109375
0172_008_G4_00100_00100_4400_N,010_10_11,G4,100,80.60926001495682,0.37106847093601086,1.346934699585545,26.53518295288086,362.95267603895627,0.500367390323693,3.342348651380931,32.140384674072266
0173_008_G4_00400_00400_4400_N,010_7_10,G4,400,50.81870335992426,0.3675423788643275,1.1406215840548395,26.571029663085938,482.01202296838164,0.5622932257317977,4.3180385852326815,28.251270294189453
0173_008_G4_00400_00400_4400_N,010_4_16,G4,400,43.480493769049644,0.3468557483239616,0.9597315588281027,22.250215530395508,630.778792171739,0.6161485843884018,4.990476731197024,21.2310791015625
0173_008_G4_00400_00400_4400_N,010_9_2,G4,400,23.693011946044862,0.3369374762737061,0.8190345767141848,22.583017349243164,617.1180038300809,0.6122762988963353,5.133667113688844,19.095413208007812
0175_008_S6_00100_00025_5500_L,010_2_18,S6,100,7.020420755958185,0.3095381358572484,0.47158948634852366,19.496986389160156,337.06968706450425,0.470126365368257,3.614575005882139,18.006866455078125
0175_008_S6_00100_00025_5500_L,010_0_19,S6,100,8.443802818655968,0.27269969105099157,0.4919831134586354,19.754005432128906,497.0933453887701,0.5223661751024301,4.313444114759862,22.141254425048828
0175_008_S6_00100_00025_5500_L,010_0_0,S6,100,18.66720015904866,0.31625761232276683,0.6690320977063097,20.454124450683594,478.16875990643166,0.5286895265539823,4.195517604185653,19.507104873657227
0177_008_S6_00800_00200_5500_L,010_3_13,S6,800,97.76580810174346,0.383314059293282,1.6039347773378398,33.90372848510742,1823.9764170860872,0.8003314509220576,8.426596834256175,23.415138244628906
0177_008_S6_00800_00200_5500_L,010_8_7,S6,800,57.655911180889234,0.33716731736765515,1.2288489706249792,22.785165786743164,1841.2823886701372,0.7853243121202235,8.280949998141583,24.262929916381836
0177_008_S6_00800_00200_5500_L,010_10_3,S6,800,50.11391406413168,0.3444894407179292,1.1979614244061114,25.349166870117188,2418.8877391607966,0.8009676834663789,9.706965805789673,21.119890213012695
0178_008_S6_01600_00400_5500_L,010_7_11,S6,1600,142.29057839140296,0.37220623604596226,1.7765485094990492,28.845943450927734,3473.559729665285,0.811217893095145,11.661114848205756,26.81117057800293
0178_008_S6_01600_00400_5500_L,010_2_15,S6,1600,128.4558571667876,0.3671542924217069,1.8173357637192755,24.36939239501953,4104.545467838645,0.8256243906034944,13.007397058709744,23.83984375
0178_008_S6_01600_00400_5500_L,010_1_1,S6,1600,96.81423891987652,0.36157126561202396,1.7268907511059062,22.044342041015625,4859.5796047912445,0.8401731228233543,14.450777159956795,17.964611053466797
0179_008_S6_03200_00800_5500_L,010_8_17,S6,3200,312.69580019800924,0.4588767336272679,2.9415639800294238,25.435136795043945,7631.283478397643,0.8668749443650473,18.03016725470094,21.191890716552734
0179_008_S6_03200_00800_5500_L,010_4_3,S6,3200,247.9747413760051,0.42023269086969894,2.587306793147716,27.062484741210938,7515.041663435986,0.8609410150300327,18.081883420750962,21.369056701660156
0179_008_S6_03200_00800_5500_L,010_6_1,S6,3200,306.292110303184,0.4432372564121016,2.864700498010118,23.512523651123047,8545.687130323611,0.8712116766477749,19.088025908100537,22.621007919311523
0180_008_GP_00100_00100_5500_N,010_6_12,GP,100,239.38598390086554,0.4319083471961326,2.1372993561240943,33.12419891357422,611.0479129170999,0.5948545486962774,4.021280457088616,40.181549072265625
0180_008_GP_00100_00100_5500_N,010_8_3,GP,100,283.50958534982055,0.45825029541473083,2.3931110116615932,35.75230407714844,641.7147172649857,0.613532579769007,4.16965952116064,40.16899108886719
0180_008_GP_00100_00100_5500_N,010_0_10,GP,100,24.380921233212575,0.29477976029080416,0.4136554348898551,33.31246566772461,189.84095002687536,0.3804695076860309,2.7563765898835633,37.989017486572266
0181_008_GP_00800_00800_5500_N,010_10_8,GP,800,138.56056805863045,0.3969553258974601,1.8046242185672892,25.221845626831055,899.4346881953534,0.7282544211472239,6.480166820553353,23.91329574584961
0181_008_GP_00800_00800_5500_N,010_10_12,GP,800,70.48068868345581,0.3591423232200607,1.3154529422592844,22.131837844848633,1083.792717567645,0.7781111343991289,7.731902818666349,26.786880493164062
0181_008_GP_00800_00800_5500_N,010_1_3,GP,800,97.69446565187536,0.38060392137373145,1.3871277426983735,33.6278190612793,1094.2313207273837,0.7774078358086498,7.4353039089086295,32.72480392456055
0182_008_GP_03200_03200_5500_N,010_8_12,GP,3200,134.54750414844602,0.39139440682138343,2.1074410137336663,24.721546173095703,3714.971166207455,0.8202073248387848,14.693956879535486,26.3693790435791
0182_008_GP_03200_03200_5500_N,010_0_4,GP,3200,121.78386205784045,0.4064070680877225,2.103005761647202,34.12278366088867,3487.9431772194803,0.8232206132166433,14.114144425472608,16.991044998168945
0182_008_GP_03200_03200_5500_N,010_5_12,GP,3200,158.0493746092543,0.404172593603825,2.1494166901686875,23.733749389648438,3732.663615643978,0.8137884633509116,14.043456166423914,16.564565658569336
0184_008_IP_00100_00100_3200_L,010_8_9,IP,100,115.51917945570312,0.36438468938252233,1.8857637342867024,31.89596939086914,501.39696365222335,0.5494454227726832,4.526410108420265,28.18785858154297
0184_008_IP_00100_00100_3200_L,010_8_14,IP,100,33.414944376796484,0.3574650246050459,0.9712546817652884,22.868637084960938,390.53571385797113,0.5319026701936573,4.084541077294834,26.065536499023438
0184_008_IP_00100_00100_3200_L,010_1_2,IP,100,53.83616950712167,0.3717908560163561,1.289000648126876,30.846771240234375,425.60353675391525,0.547942042203359,4.417194883632618,31.97602653503418
0185_008_IP_00400_00400_3200_L,010_6_13,IP,400,35.756340112537146,0.3489425204820525,1.0645115315292875,18.730863571166992,625.9555892115459,0.6242442863162723,5.3407336587133125,18.07390022277832
0185_008_IP_00400_00400_3200_L,010_1_10,IP,400,42.98087889305316,0.3365621394299298,1.2575188908006125,23.714046478271484,630.9646026266273,0.6206488851500943,5.549858611394651,21.144784927368164
0185_008_IP_00400_00400_3200_L,010_0_5,IP,400,27.86599636077881,0.37765700007324876,0.8686923351073309,34.29558563232422,463.9869228263851,0.5623956284925555,4.492811665462972,21.824424743652344
0186_008_IP_00800_00800_3200_L,010_4_11,IP,800,20.87928955233656,0.32051881839595847,0.9674136407862243,19.964374542236328,548.8381708895322,0.5789389570502937,5.4180904114278166,18.643619537353516
0186_008_IP_00800_00800_3200_L,010_5_11,IP,800,23.228606548160315,0.329114583385533,0.8725333760863934,19.70416831970215,596.7905880063772,0.6018413716557751,5.332754471201486,17.931289672851562
0186_008_IP_00800_00800_3200_L,010_0_5,IP,800,16.270049419254065,0.3552558390483583,0.7384892721021724,25.317249298095703,391.14298107638024,0.5135896308935496,4.18740052950649,20.856685638427734
0188_008_IP_00100_00100_3200_N,010_5_1,IP,100,148.55784410238266,0.38494869327466574,2.11084706199169,19.465850830078125,392.8206149255857,0.4982010663174211,3.99217554419193,21.56709098815918
0188_008_IP_00100_00100_3200_N,010_2_3,IP,100,231.78679644223303,0.4931238615709622,2.64037059979889,31.85675811767578,490.0280962435063,0.6035241640388893,4.431689062106804,33.75788116455078
0188_008_IP_00100_00100_3200_N,010_3_11,IP,100,117.08280927850865,0.4359128486276886,2.1653750651923356,30.290681838989258,329.859330332838,0.5284313881136984,4.048921173435805,29.596435546875
0189_008_IP_00400_00400_3200_N,010_10_6,IP,400,50.12840789556503,0.3216722235218011,1.323729235324809,21.016096115112305,448.45652674138546,0.5106117048564977,4.5556742397033,24.20970344543457
0189_008_IP_00400_00400_3200_N,010_5_0,IP,400,54.12033116444945,0.3459297281991564,1.1157927048582634,21.500001907348633,489.1352084928658,0.5461584857415599,4.6717015610070005,16.86762046813965
0189_008_IP_00400_00400_3200_N,010_8_3,IP,400,79.70561870909296,0.370658312218514,1.6144286964466001,26.782577514648438,448.6345221614465,0.5387618234808229,4.464200023261497,23.37225341796875
0190_008_IP_00800_00800_3200_N,010_5_9,IP,800,28.093841671710834,0.34891712454022994,0.8791862542160898,26.567440032958984,456.6273594563827,0.5436643465339488,4.403613353038555,17.24010467529297
0190_008_IP_00800_00800_3200_N,010_9_3,IP,800,29.968167323386297,0.3439507587565151,0.9817486008740396,24.545616149902344,524.1574862000998,0.5726883138671859,4.7444055652745245,17.15493392944336
0190_008_IP_00800_00800_3200_N,010_1_4,IP,800,27.317280446877703,0.3559645107655551,0.922785345586938,31.23906707763672,665.9954527614173,0.6494759136689646,5.564469345817145,29.572952270507812
0191_008_IP_01600_01600_3200_N,010_3_0,IP,1600,13.568746328353882,0.3378334414588797,0.6607558046407871,18.36026382446289,604.9682549899444,0.6210479939282605,5.431019452940322,17.25180435180664
0191_008_IP_01600_01600_3200_N,010_1_6,IP,1600,14.96576189599,0.3364747228306814,0.7534184432973907,25.0758056640625,659.6080045364797,0.6350018127436124,5.726589158869605,18.51447296142578
0191_008_IP_01600_01600_3200_N,010_2_0,IP,1600,14.013816114282236,0.33231265314360364,0.7081959369907024,18.341381072998047,604.8169793551788,0.6118875370417894,5.446107842521897,21.70170021057129
0192_009_IP_00100_00200_3200_N,010_6_0,IP,100,21.787898344686255,0.317457795793569,0.5515405798531399,24.548559188842773,161.78237905725837,0.386409522486484,4.029556750154133,24.775651931762695
0192_009_IP_00100_00200_3200_N,010_0_14,IP,100,5.732675667619333,0.3763062858713743,0.45119585923840577,18.852001190185547,198.39721868932247,0.46879729492632627,2.997556179779546,21.933185577392578
0192_009_IP_00100_00200_3200_N,010_2_0,IP,100,8.522790162824094,0.3146071437931008,0.5515405798531381,18.30394172668457,202.0639655208215,0.4080343419377941,4.265728208075273,15.580891609191895
0193_009_IP_00800_02000_3200_N,010_4_5,IP,800,14.557270225137472,0.3377939315826385,0.6034159642895152,33.72557830810547,682.9021481126547,0.6555827462785713,5.244309588270828,23.97659683227539
0193_009_IP_00800_02000_3200_N,010_6_0,IP,800,12.79735782649368,0.2658781219160028,0.5333645787862581,22.304874420166016,526.6910127492156,0.5279626194655287,5.70516632793106,21.39860725402832
0193_009_IP_00800_02000_3200_N,010_3_11,IP,800,6.188258244656026,0.22588188146299815,0.4633131932829977,27.30501937866211,353.77007183409296,0.43091112285288935,4.02025125326017,23.1761474609375
0194_009_IP_01600_04000_3200_N,010_3_3,IP,1600,8.379038985818624,0.3307515530798291,0.5642521250051272,17.287845611572266,653.1318659624085,0.6320027782045272,5.582645346884028,16.627477645874023
0194_009_IP_01600_04000_3200_N,010_1_5,IP,1600,12.899597144685686,0.2653794284391445,0.6607558046407881,16.45038604736328,636.621444700053,0.6052258076580624,5.37811486467551,17.575645446777344
0194_009_IP_01600_04000_3200_N,010_10_7,IP,1600,11.683821104234084,0.351803285816893,0.5884867930943009,24.01426887512207,540.863899438642,0.5988396125800429,4.773828914943921,16.661083221435547
0195_009_IP_01600_04000_5500_L,010_5_2,IP,1600,6.930816157720983,0.26911992908941484,0.6320858844651519,18.947118759155273,448.4129943847656,0.5279488855367717,5.5452641409218275,20.839563369750977
0195_009_IP_01600_04000_5500_L,010_0_4,IP,1600,7.042158158263192,0.24503703867693538,0.605039379225349,19.39739227294922,275.31701597198844,0.44815624359183903,4.336373804685926,20.798416137695312
0195_009_IP_01600_04000_5500_L,010_7_0,IP,1600,6.538430340355262,0.24636521662971794,0.6072570052685792,19.958698272705078,382.86972911073826,0.4998526024820291,5.195521815319757,21.099990844726562
0196_009_IP_00800_02000_5500_L,010_2_6,IP,800,14.465576126240194,0.32598651750606467,0.8317461218661707,22.331096649169922,357.6743984585628,0.4986293094422358,4.959292079424458,21.493179321289062
0196_009_IP_00800_02000_5500_L,010_2_14,IP,800,6.817103054374456,0.28556373390687617,0.5868633781584666,16.51163101196289,633.3279325813055,0.6050676611790033,6.495668871636945,17.050048828125
0196_009_IP_00800_02000_5500_L,010_6_7,IP,800,8.898539550369605,0.3042714711550065,0.6155332983341032,36.23051071166992,541.6806431077421,0.5690477878786829,6.083578573708767,19.201641082763672
0197_009_IP_00100_00200_5500_L,010_4_9,IP,100,7.4196061454713345,0.28786274343358803,0.45281927417425,31.911819458007812,199.67136333859526,0.39300293331075614,3.6925259697040413,20.024097442626953
0197_009_IP_00100_00200_5500_L,010_4_11,IP,100,3.8815460184123367,0.20385421799782366,0.4362666880431954,20.631507873535156,199.3600245786365,0.35181821634669064,3.8813369044684527,16.593957901000977
0197_009_IP_00100_00200_5500_L,010_2_8,IP,100,24.04809677391313,0.3683855268180254,0.7738120704074994,30.333406448364258,312.4751062633004,0.5115661710088713,4.718547482249516,16.807933807373047
0198_010_GP_00100_00200_5500_N,010_2_7,GP,100,39.20248781121336,0.3086837050255045,0.46109556723977696,29.882951736450195,116.87686626776122,0.3441521144621274,1.5476241408150024,34.3177604675293
0198_010_GP_00100_00200_5500_N,010_0_14,GP,100,79.56812415434979,0.364404864724523,0.6276506323786966,18.60181427001953,150.70859641185962,0.3963523591133782,1.7555606712815388,17.62057876586914
0198_010_GP_00100_00200_5500_N,010_2_12,GP,100,16.619644165039062,0.37780352664204686,0.5289293266998026,36.14726257324219,82.24974954477511,0.41052354064492663,1.6596512027532795,31.34632110595703
0199_010_GP_00800_01600_5500_N,010_5_7,GP,800,22.21123444661498,0.3556530584085197,0.7021372699684254,32.76006317138672,338.01705194916576,0.49170836690023856,3.6015663551764554,27.318227767944336
0199_010_GP_00800_01600_5500_N,010_4_4,GP,800,16.095016283681616,0.3370432500810943,0.6298682584219265,28.995361328125,359.507826305693,0.4840626640407844,3.9219649403023227,25.279735565185547
0199_010_GP_00800_01600_5500_N,010_3_6,GP,800,79.07284992537461,0.2993024690756491,0.6232153802922308,42.50502014160156,431.22463079332374,0.4679875312940209,3.919906532645427,37.671104431152344
0200_010_GP_01600_03200_5500_N,010_10_10,GP,1600,24.571029057493433,0.3422289771038027,0.9326850535882972,41.448463439941406,993.8960570534691,0.7613572440352014,6.298290253936226,26.311092376708984
0200_010_GP_01600_03200_5500_N,010_3_6,GP,1600,97.87326541449875,0.3081671992838706,0.7699710294284404,44.76333236694336,770.2025691121817,0.6189988358458438,5.484242477977847,33.1376838684082
0200_010_GP_01600_03200_5500_N,010_4_9,GP,1600,37.267770793288946,0.30462397270829034,1.1880617164047556,38.021968841552734,798.5866504572332,0.6486490927482154,6.282564990809196,26.787193298339844
