name,scene,lap_gt,ten_gt,musiq_gt,lap_blur,ten_blur,musiq_blur
scene001__10.png,scene001,1050.2452958164376,22889.001746950587,67.23847961425781,94.41104749642864,6121.947249387142,46.83106231689453
scene001__20.png,scene001,1053.3383273703612,22947.716344693752,66.41108703613281,117.69809785236147,7356.28385453671,41.368247985839844
scene001__3.png,scene001,1046.0063530553873,22981.215453682562,66.14930725097656,136.27101857522683,6718.5919497727045,51.32289123535156
scene002__10.png,scene002,527.7976021595642,14283.288582275196,63.47974395751953,200.698918067501,9643.531726330215,58.40592956542969
scene002__20.png,scene002,558.545515792626,14656.205233898909,63.52503967285156,59.00244120480093,3884.3747670425323,40.673370361328125
scene002__3.png,scene002,489.4876195873528,13817.039266638625,62.207763671875,29.284115073249552,2738.701488245848,16.898571014404297
scene003__10.png,scene003,84.90544246852545,9364.870599413254,53.43450164794922,16.86634404864849,4786.34680111505,31.974224090576172
scene003__20.png,scene003,88.54136247970277,8789.638601765137,55.90519332885742,20.023941518094137,5699.424098582787,35.53755187988281
scene003__3.png,scene003,91.02359509963746,8384.638704600746,54.46407699584961,32.73802066252247,7814.883121049155,41.206687927246094
scene004__10.png,scene004,163.50353394357697,15431.618465468478,62.937835693359375,15.44388711440179,2841.036712159129,33.15241241455078
scene004__20.png,scene004,160.17441353263564,13579.761618407158,62.500423431396484,62.024999495712414,8913.42960967358,62.12883377075195
scene004__3.png,scene004,163.00483666238347,13129.43746969363,63.054420471191406,19.89996285759912,4142.800965584611,37.47047424316406
scene005__10.png,scene005,440.5366796803261,8332.397214151091,68.97091674804688,60.78548894033329,3039.8337017349018,47.91753005981445
scene005__20.png,scene005,489.296535546294,8299.469666243574,66.42111206054688,134.64157338049674,4759.946643320717,56.687232971191406
scene005__3.png,scene005,496.60755698007387,8701.742708535874,66.87189483642578,33.21920751537545,940.3690584134276,23.312374114990234
scene006__10.png,scene006,299.4312766535293,30631.33990591123,70.08458709716797,75.42623461233954,16277.57380068899,53.08483123779297
scene006__20.png,scene006,305.71545205794564,28776.373935332824,71.20575714111328,90.62776944875456,17203.71193525199,60.29365921020508
scene006__3.png,scene006,288.65066728156876,30288.728356381078,70.1305160522461,54.84596194953165,12628.817155477032,57.32069396972656
scene007__10.png,scene007,441.76701488596893,35951.37548759357,71.97306060791016,230.9236421456479,30017.97959929507,68.1409912109375
scene007__20.png,scene007,434.22049759998674,35575.23556918096,72.82152557373047,188.1648247835749,27162.063794350153,64.29164123535156
scene007__3.png,scene007,426.9694239568285,35464.1201222988,71.0610580444336,230.65426690027735,29906.550174638956,68.20304107666016
scene008__10.png,scene008,461.8533370378219,38205.90284846563,72.37065887451172,226.79783553521466,28798.77709945452,60.82524490356445
scene008__20.png,scene008,470.8385025306963,38673.61125141224,73.8453140258789,130.72022794229866,22189.80230876919,60.140052795410156
scene008__3.png,scene008,447.4616711485086,38280.48366013072,73.5261459350586,103.08937553734378,16058.644707039399,47.7673454284668
scene009__10.png,scene009,369.7831594082876,30794.857692181286,67.95465850830078,49.418260410026434,6712.9083900198375,30.711292266845703
scene009__20.png,scene009,390.0258508892931,31838.363787734987,68.78644561767578,121.28068695343829,17387.893033469412,56.890586853027344
scene009__3.png,scene009,383.26922753776563,32050.576773292734,67.5303955078125,205.43068276717477,23950.796194732742,62.54022979736328
scene010__10.png,scene010,305.30400752909605,28525.038972025075,70.57256317138672,88.63888630829413,13508.09906621008,28.103870391845703
scene010__20.png,scene010,350.04565692689,30444.21456248248,69.61563873291016,187.901697232317,23173.44136378356,57.05314636230469
scene010__3.png,scene010,323.9663686924422,30526.777892772312,71.2946548461914,145.91583775473475,21386.538522699542,55.51605987548828
scene011__10.png,scene011,140.36306587416135,17194.433266624583,60.59018325805664,20.84907047801594,5962.575851900393,29.104270935058594
scene011__20.png,scene011,141.10845091392474,17844.252522164476,59.96520233154297,90.58306525859552,15032.221841344555,59.600059509277344
scene011__3.png,scene011,143.65338194643707,17125.815179387875,62.40351104736328,23.939578324254025,4619.283652371766,41.19987487792969
scene012__10.png,scene012,79.52426186032325,14480.702526186074,63.02597427368164,14.093526716833429,3929.0247628888806,36.93841552734375
scene012__20.png,scene012,72.13529288037577,14196.013754014737,64.41397857666016,9.591775703069837,2709.8987488003413,29.381507873535156
scene012__3.png,scene012,80.09423079919138,14243.900999840123,66.17401123046875,22.274624825046804,6096.477456472369,44.309471130371094
scene013__10.png,scene013,60.126067521378914,9335.0445563735,62.57065200805664,35.625184741484354,8033.114139627117,54.77725601196289
scene013__20.png,scene013,58.3415258623237,9118.223638735893,58.32096481323242,19.05954969194116,5986.8519784859855,35.803836822509766
scene013__3.png,scene013,58.75185995182736,9111.620859732531,61.591468811035156,18.40078829822447,5265.713978079015,40.876075744628906
scene014__10.png,scene014,109.32646908659062,18230.743057234715,68.05402374267578,41.50080480761402,11520.355463789134,57.26723098754883
scene014__20.png,scene014,112.9490682188279,18519.37214723165,67.19827270507812,27.201134428079115,6898.277065685013,36.45069122314453
scene014__3.png,scene014,108.08835843296387,18330.095229436207,64.7444839477539,31.401322453319636,8611.964135119575,49.11176300048828
scene015__10.png,scene015,46.50185826002997,5972.893009393064,57.58169174194336,24.560532373904945,4829.0875267575,56.726219177246094
scene015__20.png,scene015,47.612632968695394,5987.723517463285,57.1309814453125,11.318633816013158,2449.383650698511,41.270294189453125
scene015__3.png,scene015,45.96947329036621,6054.916116511898,59.54598617553711,10.474076120458491,2647.3740401703385,36.2296257019043
scene016__10.png,scene016,130.9642039958481,17153.695158835275,66.79563903808594,42.654894560605214,9136.423870636996,43.63862228393555
scene016__20.png,scene016,131.50237030982174,17126.387751043945,67.90499877929688,46.21772498928099,10107.099393150449,39.17217254638672
scene016__3.png,scene016,133.44073482247958,17032.629264564286,66.85948944091797,52.08223538971751,12271.037759969471,51.577247619628906
scene017__10.png,scene017,153.18706108243504,25948.536837621232,65.25983428955078,59.24907727391031,17660.902365135156,57.672645568847656
scene017__20.png,scene017,153.38140759547412,26036.512519670923,63.512290954589844,36.386709339565414,12339.734041831927,36.89931106567383
scene017__3.png,scene017,154.90252179316312,26031.603442313582,65.33586883544922,80.11044164783404,19627.590754787765,58.871402740478516
scene018__10.png,scene018,22.300275799543467,1994.513545368034,35.544776916503906,6.100094542095549,1541.164483728405,26.502979278564453
scene018__20.png,scene018,22.815500268143854,1948.7753088077336,38.55290222167969,5.848125639206267,1220.2267372600927,22.985416412353516
scene018__3.png,scene018,23.42477812543869,2223.1711254323945,38.19514465332031,5.472972003735824,675.6857738182006,16.928659439086914
scene019__10.png,scene019,63.11326658526354,20304.834018657173,63.61534881591797,16.02385580993914,7259.596074126687,45.142765045166016
scene019__20.png,scene019,57.58710065940655,17947.636683677243,62.87266540527344,19.72116685883325,9842.496093805994,49.47343444824219
scene019__3.png,scene019,69.05590208173336,21269.275209852432,62.59721755981445,21.439422321700768,9775.953245293622,47.02130889892578
scene020__10.png,scene020,110.56063054522177,7558.321669706569,45.082550048828125,27.969512088965466,4032.319017586506,27.26894760131836
scene020__20.png,scene020,111.11396706377349,7717.67484859681,44.39319610595703,46.340654661137066,5633.051378475026,30.801715850830078
scene020__3.png,scene020,112.01060249591558,7754.763079669432,43.848060607910156,34.617184238226045,4780.863549696802,30.728618621826172
scene021__10.png,scene021,326.4292630209135,48046.182297532505,66.811767578125,88.98195349943056,25133.862233183092,39.156646728515625
scene021__20.png,scene021,365.86796648716563,46295.79503278057,67.7942886352539,166.2720076372652,33204.27674054719,51.885807037353516
scene021__3.png,scene021,340.5304365749144,45757.19026416375,67.30982971191406,57.27098819136884,11988.364369046949,31.04279327392578
scene022__10.png,scene022,54.65242677732948,6771.399710522738,53.4342041015625,21.630745657767275,4787.220887447462,51.16947937011719
scene022__20.png,scene022,50.92701931656386,6563.880453343155,54.594825744628906,13.758876782385656,3256.7435393014307,37.195735931396484
scene022__3.png,scene022,55.15889698812829,6875.619055264763,52.31632995605469,14.043670863922474,4046.603547110516,46.56051254272461
scene023__10.png,scene023,217.6043847231866,28336.260720688708,73.1357650756836,73.5333672139445,17064.89931865325,64.35807037353516
scene023__20.png,scene023,221.8401624300373,30406.461124834063,70.03687286376953,95.7619830864326,24002.817226200117,67.46068572998047
scene023__3.png,scene023,188.2630470303911,26927.869181619546,69.71302795410156,14.523270730435154,6768.258125402817,25.313344955444336
scene024__10.png,scene024,362.8832991227939,44358.2619257558,73.0218276977539,162.1390032575307,25460.732734949746,70.1723403930664
scene024__20.png,scene024,330.6708632107368,38469.90905761719,72.6019058227539,64.30505087844591,9600.10935662995,62.02415466308594
scene024__3.png,scene024,369.3603441063588,44860.41153762209,72.72559356689453,228.7282167872605,31970.12491572254,69.1547622680664
scene025__10.png,scene025,180.12296955561436,45004.42783129014,70.19237518310547,121.87515281586899,37415.037065416895,58.300575256347656
scene025__20.png,scene025,190.01089581576605,45115.49467764255,72.87616729736328,139.50884426032022,40492.61109768309,68.38172149658203
scene025__3.png,scene025,162.7419551535365,44647.15197494004,70.06809997558594,51.00565599114532,21327.7850240566,47.9730110168457
scene026__10.png,scene026,104.13971173090752,17205.970254227206,49.06297302246094,39.976893509920956,10822.673149333772,47.12495422363281
scene026__20.png,scene026,100.08414844295301,18430.232402937516,47.63960647583008,48.05647255439601,12438.305149681613,49.54786682128906
scene026__3.png,scene026,103.65888136503779,16293.293958129949,49.80844497680664,30.440535232826406,6056.071141148485,33.775360107421875
scene027__10.png,scene027,49.820497047231605,3997.8630783682447,59.545589447021484,9.02054665269808,3033.780296780633,40.104339599609375
scene027__20.png,scene027,50.24432276075918,3938.0384549141186,60.21769714355469,8.917366338745072,2275.758255341692,29.892793655395508
scene027__3.png,scene027,49.70762410292327,3846.910145966071,53.847190856933594,11.99941159498416,3313.486637120003,46.97334671020508
scene028__10.png,scene028,152.10056808094595,6710.398988724151,68.54207611083984,7.115073036453165,2534.735671137406,20.71515464782715
scene028__20.png,scene028,146.68281061759603,6469.127103590983,70.7561264038086,24.983225757012164,4433.55641598252,47.0792236328125
scene028__3.png,scene028,145.30777920487225,6512.742769833878,69.5277099609375,17.28614775646298,3481.8532801975584,29.05722999572754
scene029__10.png,scene029,58.3015438293596,10530.781230563682,63.98381805419922,18.027213130288544,8803.438598596196,60.896690368652344
scene029__20.png,scene029,60.50192048080141,10871.396321089567,64.27948760986328,11.025789725336415,4822.9138407768705,49.67540740966797
scene029__3.png,scene029,62.30551739988027,11261.892429812442,62.951637268066406,9.968239703597863,3997.092792766402,43.25022888183594
scene030__10.png,scene030,244.3071957471724,30187.967347638176,66.82140350341797,95.64804465730786,19041.557295709994,60.28882598876953
scene030__20.png,scene030,197.91060588476716,25145.3354825051,66.16289520263672,52.95215468813239,10539.708963523974,61.629356384277344
scene030__3.png,scene030,196.74028088395542,25099.124893700373,65.75943756103516,156.33136283889246,23064.333024588876,68.21971893310547
scene031__10.png,scene031,163.6086355551783,30531.25801423076,54.233070373535156,70.64579131323309,20501.13196718466,43.14042282104492
scene031__20.png,scene031,156.90819954821177,29472.22342705838,56.83843994140625,49.0174497284025,18302.20849059995,45.180843353271484
scene031__3.png,scene031,179.34481333425194,32906.90159090909,56.06909942626953,38.41708963592537,15822.212120534216,40.96255111694336
scene032__10.png,scene032,112.46703780803959,11085.592037537803,57.53026580810547,31.769414280692008,9936.260445119366,57.234580993652344
scene032__20.png,scene032,113.44919041183097,10230.438476277075,58.212467193603516,21.018724391526785,6877.884724152341,50.15631866455078
scene032__3.png,scene032,114.38118678452993,11763.872243532482,58.200294494628906,10.876739462589265,4050.052895766889,33.62307357788086
scene033__10.png,scene033,390.3903093643781,11767.21401139827,69.12196350097656,32.75790149269552,1905.5980669361318,45.47671127319336
scene033__20.png,scene033,456.93753952118175,11719.704545897517,68.97171783447266,44.22198695935873,2639.564612399617,46.907135009765625
scene033__3.png,scene033,443.0016049116865,12133.51480796388,71.74121856689453,23.313760723325395,1129.4196975073185,42.1476936340332
scene034__10.png,scene034,224.49218716268197,26657.3832079691,66.06285095214844,69.28441378461287,11857.768203628784,55.23088073730469
scene034__20.png,scene034,206.5016454000361,25763.017083587554,64.51361083984375,34.19645119704511,6998.626890556151,48.58111572265625
scene034__3.png,scene034,214.64456286145895,26316.052682830217,67.1511459350586,53.1682194066397,9682.921964868647,56.78566360473633
scene035__10.png,scene035,37.21141122571842,4733.249127174154,32.97210693359375,8.710138281024564,1442.673719900237,22.047073364257812
scene035__20.png,scene035,39.59745895914632,4911.543618492594,32.32191467285156,15.403317618431398,2850.834499626975,24.83035659790039
scene035__3.png,scene035,34.967004727554695,4236.05988282899,33.14019775390625,6.330231998265571,1202.4765324823936,21.406116485595703
scene036__10.png,scene036,151.08609931333933,10443.902072031235,53.418365478515625,63.67763133369335,7662.463598522945,39.87061309814453
scene036__20.png,scene036,144.4298062868112,10186.465120331046,56.294342041015625,79.05740106424129,8331.225609324827,49.41891860961914
scene036__3.png,scene036,147.62801037352875,10236.2577581575,55.06865692138672,119.1407053505535,9483.804722707951,53.84417724609375
scene037__10.png,scene037,97.96737928733843,6743.155264927473,38.02307891845703,37.35538792172473,4118.854601141585,22.07044219970703
scene037__20.png,scene037,95.2345918446962,6588.358875719608,38.154685974121094,47.967840066407334,4129.593218736919,25.721773147583008
scene037__3.png,scene037,96.8324161624681,6634.380110054752,39.59764862060547,38.50707112152543,4715.82501023825,21.668704986572266
scene038__10.png,scene038,180.38543812292434,14151.622768656334,56.74232482910156,39.888529207491246,7202.833758535562,34.33342742919922
scene038__20.png,scene038,177.06236924234543,14055.356019779229,57.23845672607422,49.72917573611199,6706.254018047326,41.13429641723633
scene038__3.png,scene038,152.61530401654176,13726.33412076096,53.599830627441406,24.470648490777226,5536.963162868171,27.646841049194336
scene039__10.png,scene039,219.76723753404613,32357.525992972187,44.43880081176758,54.77000028455986,15679.277027964748,28.208599090576172
scene039__20.png,scene039,210.30538060932037,31605.820022718533,44.5399055480957,58.59873013898758,16621.952558413646,34.95973205566406
scene039__3.png,scene039,224.47877965229986,32857.07564620247,48.3049201965332,41.75999177710101,11798.579374604127,23.468582153320312
scene040__10.png,scene040,157.86506440909912,28539.477431730986,54.94735336303711,125.6878676151457,25614.164770170362,51.157928466796875
scene040__20.png,scene040,151.3875591209979,25729.36605955863,56.87298583984375,58.01158623638846,13608.930714567707,36.74795913696289
scene040__3.png,scene040,153.83424727581595,26678.420300119516,56.868370056152344,73.41612835743456,18694.623080671416,41.61566162109375
scene041__10.png,scene041,78.76433731104467,4748.360292353703,50.03312683105469,36.43601941242085,3223.216359840577,31.659025192260742
scene041__20.png,scene041,84.42363134110066,4927.041386103441,46.42961883544922,33.69719607527408,3133.9821791040004,21.39634895324707
scene041__3.png,scene041,86.44458115945054,5455.22854260564,50.302894592285156,37.675561286421065,3992.2639878918076,29.93411636352539
scene042__10.png,scene042,261.7825538565006,15385.479067418568,50.17442321777344,77.88982108144616,8133.26803183645,41.68887710571289
scene042__20.png,scene042,260.0670415075237,15119.7762226045,49.82061767578125,85.55191707237756,8940.855201839691,39.19773864746094
scene042__3.png,scene042,259.4539739911989,15399.49530117942,47.231048583984375,48.205525038495544,5428.78540221914,37.36038589477539
scene043__10.png,scene043,237.9369892091357,13550.692011900184,50.971832275390625,60.85630847504614,5938.0351543852275,36.00688171386719
scene043__20.png,scene043,210.20375696315446,13504.04715917246,51.797584533691406,82.7253703205519,6848.474601317653,36.13239669799805
scene043__3.png,scene043,253.15652021072907,13319.063156685135,51.61689376831055,47.4186462149311,4000.210499742605,32.24240493774414
scene044__10.png,scene044,210.35337341163088,25632.822694695464,60.859397888183594,45.198782960857535,9717.44135179956,33.4264030456543
scene044__20.png,scene044,214.230093789778,25735.79019506163,62.17095947265625,132.47893338552205,19730.444463300806,57.258460998535156
scene044__3.png,scene044,218.1041061622939,26721.115333120815,61.99834442138672,79.81716378652126,14790.097867645947,46.53519821166992
scene045__10.png,scene045,156.0226821412087,28891.960674157304,48.462188720703125,61.86546560664776,16245.947467981518,42.12567138671875
scene045__20.png,scene045,155.72939048406369,28907.004098229947,49.791236877441406,77.60442980840364,20627.227290595467,47.581321716308594
scene045__3.png,scene045,158.48181107754516,29027.241326271724,50.8676872253418,92.47714024526056,23185.170620048575,48.973976135253906
scene046__10.png,scene046,264.26178161201653,34348.24502547261,64.79021453857422,81.87778450364155,19690.679681690897,52.60075378417969
scene046__20.png,scene046,262.0959668385336,35160.33692530583,64.42131805419922,121.5794449751277,25681.857198608355,57.834075927734375
scene046__3.png,scene046,255.5153141129333,33921.51498981358,63.68135452270508,231.91454140874853,31228.56129950794,61.42226791381836
scene047__10.png,scene047,64.92179410012776,10521.578278751538,52.170135498046875,22.958510871004904,6566.902381417485,46.07643508911133
scene047__20.png,scene047,59.832819422354184,10034.500476708688,51.251468658447266,11.279371746827353,2894.111744807413,29.86568832397461
scene047__3.png,scene047,64.17591298473965,10879.753976114185,55.901039123535156,18.600179663360368,6177.24864108498,38.777244567871094
scene048__10.png,scene048,374.5549551937923,29073.692350952537,60.994754791259766,199.331360689548,21974.092901399832,52.14521789550781
scene048__20.png,scene048,332.87129697363093,27078.149216622343,62.23942184448242,150.8127655452704,16389.258455010608,47.561954498291016
scene048__3.png,scene048,350.4147815999825,28013.74504465964,60.783992767333984,169.1565301982414,18590.757149205354,44.81470489501953
scene049__10.png,scene049,493.2103963769807,51109.07172930826,62.37054443359375,185.49961955721048,30662.208917973796,52.89195251464844
scene049__20.png,scene049,499.5792487718297,51351.918224281144,62.913734436035156,219.27396425897052,36431.986014502385,56.08445739746094
scene049__3.png,scene049,502.5702482480323,49915.7930757454,64.68921661376953,269.12370130111145,36315.87122759909,57.15208435058594
scene050__10.png,scene050,350.9768924413144,35851.86582843908,64.6729507446289,135.85528637202938,22973.397744726502,44.80064392089844
scene050__20.png,scene050,353.5233622175182,35867.12839805625,64.51480102539062,114.57007874875816,22628.108973327755,46.06120681762695
scene050__3.png,scene050,354.56902512420606,35197.405043136365,62.556922912597656,128.28410830238843,21085.408555594044,42.49150848388672
scene051__10.png,scene051,173.0356086472558,14201.557662596902,52.716461181640625,60.096101827698526,8676.452896577724,27.545976638793945
scene051__20.png,scene051,170.37172881984174,14209.712951771864,50.91557312011719,42.27759776844576,7211.702477259102,25.669382095336914
scene051__3.png,scene051,159.58235703157158,13133.552880799234,51.90830993652344,45.990303217249746,6782.106639094015,24.571176528930664
scene052__10.png,scene052,209.44431211789137,25120.203778871368,62.596317291259766,149.88236001050305,22864.96507787512,62.21662902832031
scene052__20.png,scene052,192.34927442612408,23447.565379989643,63.07658386230469,71.79558595087913,9772.0421277666,43.925193786621094
scene052__3.png,scene052,232.25974727238176,27776.765540540542,64.20606994628906,122.55965181305443,16848.428940350404,48.724456787109375
scene053__10.png,scene053,286.7107663057427,26471.027099574058,57.09850311279297,37.212784038141315,10691.468308679769,31.725881576538086
scene053__20.png,scene053,292.0979230132562,26395.114316502462,59.24237823486328,67.56095536837215,13755.166612116054,43.532127380371094
scene053__3.png,scene053,276.7121446931858,25528.85213315462,57.67085266113281,56.92488014641399,11568.348116146477,48.877655029296875
scene054__10.png,scene054,785.7282526964101,50658.52183381234,61.82355880737305,117.20498363384304,18245.14105550546,44.436805725097656
scene054__20.png,scene054,745.2683748245777,52658.26539143489,66.24140930175781,70.9999568158216,13458.66809988424,33.460784912109375
scene054__3.png,scene054,812.5536430267093,50632.947547483695,59.86817932128906,176.0552823793553,27412.493616851512,47.24032974243164
scene055__10.png,scene055,334.954280556007,34078.65850320063,56.682769775390625,101.48482505854442,17178.452370454597,34.041690826416016
scene055__20.png,scene055,317.6080463113012,33994.10707658813,57.723045349121094,104.50875120856004,19101.458977936552,41.444679260253906
scene055__3.png,scene055,326.0498726808171,34049.54250661613,55.65637969970703,185.0755961699529,28186.36736543555,50.86867141723633
scene056__10.png,scene056,324.77742894411165,34707.45671950889,61.477264404296875,74.84658322329607,12048.053892987607,33.270042419433594
scene056__20.png,scene056,311.05849120938706,35124.08316675264,61.2669563293457,121.35465622210886,15688.25076797421,40.63249588012695
scene056__3.png,scene056,350.16523656477455,38108.96257377891,61.776954650878906,90.90889155793953,13434.860823150559,35.97076416015625
scene057__10.png,scene057,125.8338560819971,12517.008566427321,53.449432373046875,37.80248531357448,5134.803100715401,30.551921844482422
scene057__20.png,scene057,121.06746895293347,12484.990439688214,55.38563537597656,27.586974680219306,4140.901899667782,35.06084442138672
scene057__3.png,scene057,124.7155899133625,12682.593380378265,53.088836669921875,34.23317207501822,6213.074574633395,37.54833984375
scene058__10.png,scene058,142.30905131324545,12415.52631771569,56.773345947265625,33.275674592419286,5546.573456230879,35.32365417480469
scene058__20.png,scene058,131.76038676640317,11741.413168754336,56.659019470214844,29.20340547766634,4362.563110959244,26.056987762451172
scene058__3.png,scene058,156.639412330429,13988.196478450986,57.54705047607422,47.855263703744484,6598.250554500419,41.260826110839844
scene059__10.png,scene059,165.8234295916139,22103.49070010802,58.1589469909668,53.37474204535485,10604.324838033166,29.78279685974121
scene059__20.png,scene059,169.1204084753505,23813.676685809944,58.5733757019043,74.71331619319156,16042.929165544449,42.25046157836914
scene059__3.png,scene059,144.3228580949477,19877.399316096747,56.4041862487793,42.348001978361935,8661.86209826109,35.71382141113281
scene060__10.png,scene060,146.03514017090862,20746.135373291774,57.402740478515625,24.486764837176317,8418.480391688234,28.25015640258789
scene060__20.png,scene060,138.39669607778103,19802.077836017063,59.05647659301758,31.911511735279383,9334.81548796571,32.50393295288086
scene060__3.png,scene060,141.01148132954344,20365.39059095806,57.662254333496094,12.060933963994009,3621.2825233028466,20.000469207763672
scene061__10.png,scene061,121.57327920168464,14783.186976414487,57.052398681640625,35.63657878429788,5927.386158074968,32.152523040771484
scene061__20.png,scene061,100.91527544471077,12360.19787879029,55.026763916015625,38.57593652641766,7110.6529313582305,39.495758056640625
scene061__3.png,scene061,97.063727686026,12021.29422200911,55.183990478515625,48.165605845717245,9287.389464481545,47.26220703125
scene062__10.png,scene062,798.5482351220099,63502.19631423911,71.0994644165039,150.07509366870218,22566.525692661922,48.63096618652344
scene062__20.png,scene062,748.7098364273355,63204.42409397732,70.43350219726562,207.65547629190323,33073.89236366818,54.967041015625
scene062__3.png,scene062,743.3278498429403,54830.278491722675,71.42288970947266,230.74904967865464,29742.41470484694,57.66069030761719
scene063__10.png,scene063,357.9998282206284,35585.37482357913,62.816558837890625,187.01011849827424,27179.02428157719,55.41981506347656
scene063__20.png,scene063,324.49886378619607,34633.7535649121,59.484989166259766,43.91575647784669,7589.334177656775,18.586824417114258
scene063__3.png,scene063,331.00918212990274,35737.443911674156,61.019081115722656,74.35809161926399,13198.588739254174,23.111377716064453
scene064__10.png,scene064,266.6271408292565,41080.76459435186,63.95362854003906,76.01115246308615,17074.821289265354,39.49114990234375
scene064__20.png,scene064,251.39418797835927,38982.57822063538,62.3304328918457,67.94342600233809,18327.600820709118,28.944313049316406
scene064__3.png,scene064,276.8289622506823,44888.04269914991,63.497894287109375,84.91872924265687,23072.677909263857,36.4405517578125
scene065__10.png,scene065,605.6331115254299,78485.27592178175,70.83605194091797,92.6281180879264,13485.122040508471,28.85678482055664
scene065__20.png,scene065,591.9014608388319,76584.06290984142,73.09357452392578,117.80820707646099,25272.116231608416,36.34730529785156
scene065__3.png,scene065,589.1725331250528,76662.30059041748,71.0543441772461,101.22230706437952,18267.679619871098,34.53541564941406
scene066__10.png,scene066,288.3081084844145,23912.37945641667,64.20899200439453,140.58046848176005,16508.263684036916,45.0849723815918
scene066__20.png,scene066,291.554984362256,24218.821757166028,62.77482604980469,55.83726921362952,8465.74991165122,18.071752548217773
scene066__3.png,scene066,271.9371419986901,23226.76856323145,65.20081329345703,54.88144534750009,9300.959820198652,22.742292404174805
scene067__10.png,scene067,207.5576356026372,29780.4145969029,59.920814514160156,94.8849281288164,18897.73468297812,47.1241569519043
scene067__20.png,scene067,210.63275080976513,30664.868188136756,59.26777648925781,50.179254773096886,9710.895696206495,25.225841522216797
scene067__3.png,scene067,217.4736956253803,31387.2559426175,57.94267272949219,107.59437807775276,22475.57227145885,52.608970642089844
scene068__10.png,scene068,362.624698120341,49260.7173933545,66.15829467773438,68.55649582156185,15597.48345218135,36.52152633666992
scene068__20.png,scene068,383.573976101153,49769.5657896816,67.3167724609375,31.70053877777423,6312.976318706005,19.511669158935547
scene068__3.png,scene068,386.32716681230045,52730.21324897656,67.51580047607422,59.425200527649686,14571.604279813097,31.709095001220703
scene069__10.png,scene069,290.90223036593056,25474.846461283603,62.2906379699707,56.99346544371444,8048.7504173265415,29.272287368774414
scene069__20.png,scene069,286.3750030807627,25699.581567950434,64.64861297607422,142.3283293973372,15844.0232296234,57.383140563964844
scene069__3.png,scene069,302.2950527638242,27538.10970196059,64.11561584472656,93.55509964518599,12098.771061335938,39.01343536376953
scene070__10.png,scene070,351.34523649579813,31130.602701866555,66.94618225097656,50.480800095607414,6253.433417310942,24.426177978515625
scene070__20.png,scene070,315.2118120388652,29869.46427459042,64.65421295166016,56.6742837965733,5195.547918798938,31.262285232543945
scene070__3.png,scene070,342.2552870336229,30685.836157851358,66.25850677490234,56.322047157128644,6692.069029513491,28.117340087890625
scene071__10.png,scene071,127.03779329943583,16431.012668349118,54.67945861816406,31.67109193793925,7486.645168654757,31.524822235107422
scene071__20.png,scene071,137.96791380679443,18184.882823149284,57.929691314697266,56.528364266632316,11372.135651117775,46.80998229980469
scene071__3.png,scene071,128.82766525662618,16257.659245490957,56.620880126953125,38.01567337208879,7300.553132066377,40.633522033691406
scene072__10.png,scene072,149.89073424023377,13353.77980537174,56.68427276611328,67.97508243049361,8628.158623718888,30.072429656982422
scene072__20.png,scene072,154.30678271969458,13378.294961964655,55.53935241699219,62.16015576037395,6724.527197147013,25.091732025146484
scene072__3.png,scene072,156.27280720977112,13172.274880938774,55.45136642456055,66.77524013063775,6727.142599801997,26.716472625732422
scene073__10.png,scene073,418.70707000592654,40665.267582614026,66.41026306152344,184.70583451952209,24675.894684580777,57.7262077331543
scene073__20.png,scene073,422.9484539872875,40796.77335725725,65.93782806396484,92.9411518398273,16828.987643526463,30.924161911010742
scene073__3.png,scene073,439.57425901038727,42292.274179328946,66.52192687988281,98.82693197985039,16275.173442154915,28.343414306640625
scene074__10.png,scene074,359.1248305914822,59576.41434971444,70.17832946777344,163.74939998160403,38605.298199332196,62.16343688964844
scene074__20.png,scene074,379.96197096693544,62412.964147394996,71.1012954711914,100.86210367918933,27595.28855444867,54.333763122558594
scene074__3.png,scene074,352.78259453400403,58118.003028073115,69.6332778930664,75.32385348230396,22718.125536700063,46.203765869140625
scene075__10.png,scene075,170.14279388030639,14740.543162487284,56.651954650878906,41.268188956524014,6405.230515471872,27.328075408935547
scene075__20.png,scene075,183.67585065223147,15001.457696434718,58.361595153808594,52.484536805289075,8047.634386957719,38.150634765625
scene075__3.png,scene075,165.57136069549216,14784.338024114528,52.6475830078125,37.045890072461376,5555.096574828742,21.017322540283203
scene076__10.png,scene076,202.27413420792902,18617.062040160643,58.19197463989258,109.39160682175165,12833.815854329185,49.29970169067383
scene076__20.png,scene076,223.22160277971423,21902.80091708901,57.21260452270508,58.6728606689678,8254.884202104402,23.60699462890625
scene076__3.png,scene076,187.0579374841654,17366.55210117104,57.85075759887695,61.72394324889067,9515.791506480124,33.801490783691406
scene077__10.png,scene077,273.41194594132264,17151.888594431963,52.367164611816406,50.07248081046122,6304.363440070822,27.313480377197266
scene077__20.png,scene077,273.36825603094496,17053.64418335837,50.62005615234375,114.72761175562694,9178.414942981537,23.49843978881836
scene077__3.png,scene077,219.51720937216493,12314.948103040575,51.23359680175781,84.68455423895924,7560.96401474846,34.097740173339844
scene078__10.png,scene078,238.0454723736151,23840.86332918938,55.24716567993164,169.9711552402203,20495.60337456622,54.39100646972656
scene078__20.png,scene078,222.67438254797597,23147.158768570513,56.72429275512695,89.96387000145235,11536.728504803285,27.30370330810547
scene078__3.png,scene078,237.1969776302378,23135.37752346148,53.56306076049805,120.74054146875662,15020.390647263554,39.92740249633789
scene079__10.png,scene079,543.321505831339,46146.777580539674,66.68109893798828,120.456702679445,22130.797554776906,53.451271057128906
scene079__20.png,scene079,513.2595637539309,43612.55357036457,66.3568344116211,61.76387438349567,9070.273186430659,29.379356384277344
scene079__3.png,scene079,505.2947089295341,44248.70366619752,65.6859359741211,82.71593032098906,16651.13278176348,43.905784606933594
scene080__10.png,scene080,291.84740764683903,27507.07742601732,64.92959594726562,44.96533310036307,8775.095806445921,21.890186309814453
scene080__20.png,scene080,298.35307211749483,28589.669106419493,65.81076049804688,54.34065414838917,9718.028544447017,23.7833309173584
scene080__3.png,scene080,304.67687345940413,28930.284025090423,64.8434829711914,107.38725560942301,17228.644814995132,41.250911712646484
scene081__10.png,scene081,347.75156133305063,54762.22071502981,57.766056060791016,106.90479289433367,27397.379201014584,32.51435089111328
scene081__20.png,scene081,361.3625857154369,55767.75684433034,53.30421447753906,165.30489177828704,37549.968297088766,40.11997985839844
scene081__3.png,scene081,356.2336387231175,54708.567658675616,56.30657958984375,128.3992241871578,34182.58904156718,37.153350830078125
scene082__10.png,scene082,115.78380637244602,8610.203828541864,48.37994384765625,50.37157499309715,6492.748293748294,30.197603225708008
scene082__20.png,scene082,142.28616707772576,9784.210402684565,53.183990478515625,55.02925008921121,6970.315530483246,44.13498306274414
scene082__3.png,scene082,146.26424266621686,9880.497995552068,52.89760971069336,87.75032431725475,9091.425793569599,47.759605407714844
scene083__10.png,scene083,110.84663299887283,14111.120023901423,49.52626037597656,49.307013031955805,10619.9018586192,45.05875015258789
scene083__20.png,scene083,76.82382973279364,8847.169742841372,49.130409240722656,11.68749003186216,4094.4302652567876,23.628366470336914
scene083__3.png,scene083,101.1662364263878,12263.997575473173,49.28688049316406,24.491679797910145,7482.059255074452,37.65901184082031
scene084__10.png,scene084,217.97037736098414,32470.401897501317,58.58333969116211,89.7414386846156,20157.68527866639,41.799530029296875
scene084__20.png,scene084,95.42204885534797,10384.039878261288,49.30750274658203,41.532397050372325,7154.598942000527,42.885353088378906
scene084__3.png,scene084,217.84832849132874,32772.61346150893,56.03584289550781,54.2438017464253,12474.457413784905,28.498868942260742
scene085__10.png,scene085,392.69047312978233,23508.657554301157,68.39141082763672,85.12080450943921,10371.088176216716,37.0018424987793
scene085__20.png,scene085,370.69090553825265,22561.68632172884,66.94046783447266,76.23224348103048,7718.199274092782,26.822410583496094
scene085__3.png,scene085,395.6963251851289,23533.240212203076,66.44396209716797,138.00086015028532,13348.749341126739,42.41050338745117
scene086__10.png,scene086,249.52201316957166,38244.438873872794,66.32526397705078,22.35895902334078,4991.5846813303715,33.74421691894531
scene086__20.png,scene086,291.24626326259363,40781.78108669196,69.05738067626953,70.2947681056863,15600.907138699902,40.814537048339844
scene086__3.png,scene086,248.01201186057705,36608.8528331669,69.59718322753906,52.56056276184311,11200.934948021257,44.16987991333008
scene087__10.png,scene087,560.265541086573,52840.82906883794,62.140586853027344,168.86299689008237,27790.88160818198,42.516326904296875
scene087__20.png,scene087,508.91017355077577,46373.940452386014,61.28950500488281,145.03944882455292,25176.11793469428,42.87115478515625
scene087__3.png,scene087,531.764000954961,50399.358957589175,60.77467727661133,133.6139257595173,19617.06068064911,31.02843475341797
scene088__10.png,scene088,81.56887928714026,9529.80924196442,49.63562774658203,9.4456755023569,1283.5362821807169,19.316974639892578
scene088__20.png,scene088,74.4925687455086,8865.915916613438,50.204586029052734,11.466792510747833,1586.341388704409,25.17934226989746
scene088__3.png,scene088,95.08787560370006,12643.467936799028,51.70745086669922,32.03663326162389,7268.824627065586,43.88357925415039
scene089__10.png,scene089,246.15595269836484,26847.51669612969,50.331024169921875,169.47576155773595,24078.235595879087,52.07158660888672
scene089__20.png,scene089,249.31605843145516,26883.831397785096,49.67833709716797,175.7918358011589,24029.920497332052,52.94114685058594
scene089__3.png,scene089,259.4616449023544,28026.82325226402,49.43421173095703,68.6048789030283,11262.891836344883,35.03754425048828
scene090__10.png,scene090,78.57010200150692,9296.811680901828,40.66374969482422,26.67663752995165,6220.670034163007,30.929210662841797
scene090__20.png,scene090,85.88807128419178,10278.313912861186,40.77012634277344,32.72581303745566,6540.151602284286,27.93170166015625
scene090__3.png,scene090,64.5217785473419,7432.050995441316,41.06757736206055,20.48694073627734,3759.3363185618796,27.384057998657227
scene091__10.png,scene091,200.7880646637555,19415.497603132808,60.47993850708008,53.37355813217969,9688.819868559054,42.173912048339844
scene091__20.png,scene091,171.31747791719525,17334.508622316785,59.43565368652344,42.315396606866535,9127.698827044289,37.85706329345703
scene091__3.png,scene091,174.3309628329127,17904.19609583721,57.90226745605469,37.39379375622551,7632.829170191609,26.055221557617188
scene092__10.png,scene092,60.022716671379094,3937.242399382299,51.4965934753418,13.026486115180019,1438.9562873282973,39.73196792602539
scene092__20.png,scene092,54.75753052936151,3442.4658776309584,51.20093536376953,10.661951410798894,1302.7559926953513,32.42351531982422
scene092__3.png,scene092,59.71827414720534,4165.363824900483,53.87418746948242,10.691112525609151,1611.259010521603,31.400985717773438
scene093__10.png,scene093,116.95433742810383,10970.763677478966,52.62223815917969,37.69177521197346,4988.834071014066,45.86033630371094
scene093__20.png,scene093,106.97349664615277,10054.568883248112,52.118412017822266,12.047853349233922,1632.1550503807885,33.26911926269531
scene093__3.png,scene093,145.01663341085055,13239.408986147457,56.46842956542969,23.990632146927307,4567.857487310329,43.61680603027344
scene094__10.png,scene094,167.28746261439176,15770.810423162584,59.75200653076172,63.55983674055681,10814.072098822377,41.324954986572266
scene094__20.png,scene094,172.17062482470413,16305.389549068033,60.269744873046875,73.99642302099402,12333.664860243722,49.74537658691406
scene094__3.png,scene094,174.76973295739205,16418.999181961506,59.626060485839844,43.64077304966291,6310.31782006573,25.88597297668457
scene095__10.png,scene095,103.47137827664064,10229.281639481389,55.195228576660156,26.963360122742916,3983.2523388277223,39.98886489868164
scene095__20.png,scene095,127.48276195636932,12435.493661137441,55.951133728027344,25.084641132390672,3418.9419519716917,41.48161697387695
scene095__3.png,scene095,110.40077940806798,10964.70204779154,57.609039306640625,22.15019568220069,3979.991730932391,38.24320602416992
scene096__10.png,scene096,118.06228495141845,8899.866997020123,52.673763275146484,30.914477361199097,5003.0341546082645,32.29676818847656
scene096__20.png,scene096,107.58796700378396,8038.519776968135,53.519874572753906,29.517787185041566,4978.273138566999,31.67678451538086
scene096__3.png,scene096,127.95207844038079,10031.208020390824,53.11776351928711,35.798489752586576,6007.36273379197,30.111316680908203
scene097__10.png,scene097,377.53981550870935,29887.935384640827,72.84586334228516,49.4630208490897,11055.475902211874,54.917579650878906
scene097__20.png,scene097,417.4568061297532,31550.51113081166,74.4603042602539,71.23589265136583,14110.005430181298,63.004310607910156
scene097__3.png,scene097,365.37514765416194,28566.544563149422,73.9227294921875,56.78570075223291,12765.211416690294,57.39022445678711
scene098__10.png,scene098,180.4100623000617,31977.416435568193,53.68907928466797,50.88198633276781,16161.793672963944,31.64548110961914
scene098__20.png,scene098,180.83844496777814,31781.619656868035,55.06189727783203,148.0896573642862,29218.59355677992,56.863525390625
scene098__3.png,scene098,179.91511041759324,31570.289894431146,50.82957077026367,73.48057622148879,19495.753412762075,38.700157165527344
scene099__10.png,scene099,140.07952309768189,14843.443850880787,46.66355895996094,44.89747083729932,6929.071408706463,25.4903507232666
scene099__20.png,scene099,147.73451172918436,15654.664271568163,45.627681732177734,124.07007757174257,13921.1134583693,45.41960525512695
scene099__3.png,scene099,141.02331775984712,14705.792714878238,47.700843811035156,48.34080157798986,6841.286976090966,16.693927764892578
scene100__10.png,scene100,101.11687232827248,12903.06974892095,51.803863525390625,53.824285435311154,9871.1677690447,47.73143768310547
scene100__20.png,scene100,100.99027745910726,12489.566976590091,52.89433670043945,71.50670931997713,12222.730914510892,50.34379959106445
scene100__3.png,scene100,108.1999960730496,14056.501352582824,55.039772033691406,30.43594542469854,4821.749701968226,41.707210540771484
scene101__10.png,scene101,278.9127889870376,23690.123479162972,61.24527359008789,94.67594032633404,12255.878369785143,42.660308837890625
scene101__20.png,scene101,299.215300586274,24802.167802588225,58.817710876464844,74.27943681664742,10585.214464005949,26.34798812866211
scene101__3.png,scene101,280.12579164573674,24099.942403345412,57.648292541503906,94.19815643556626,13709.6956992656,32.69906997680664
scene102__10.png,scene102,168.9809301081423,26058.914251098977,50.13774871826172,30.787352594203924,6617.340922221034,21.98086166381836
scene102__20.png,scene102,173.28207164530104,27077.2807155791,47.66883087158203,37.362141668453084,9437.283573265542,26.604522705078125
scene102__3.png,scene102,175.1363777326001,26324.720307383028,49.61144256591797,47.097698631956426,10970.813917792046,29.7571964263916
scene103__10.png,scene103,368.555015200947,42617.766432923,56.40277862548828,141.70002420651858,22938.72144708979,38.16708755493164
scene103__20.png,scene103,356.6469037177689,43613.841178291084,54.311012268066406,109.75076345235328,18073.502367045003,29.295867919921875
scene103__3.png,scene103,393.47603414842865,45104.157939136196,54.14636993408203,159.12333900161644,24417.3119715648,28.77549171447754
scene104__10.png,scene104,62.745494199809485,4775.203868027397,43.60629653930664,28.67514063081829,4569.782343084777,42.44696044921875
scene104__20.png,scene104,85.18617654470307,7631.916427548973,45.714298248291016,16.77118367526879,1979.2838450705099,25.434856414794922
scene104__3.png,scene104,105.88233665998985,9871.223834565655,52.87198257446289,22.168519533023503,3652.8159977333753,28.808963775634766
scene105__10.png,scene105,232.08817062289535,17687.28865586975,51.10435485839844,88.92147125065316,10556.715991020417,41.792137145996094
scene105__20.png,scene105,224.24578641967503,18026.687202103934,50.1818962097168,55.39442629544204,7770.802283889981,28.142845153808594
scene105__3.png,scene105,235.79316934637637,17643.8715717187,50.270469665527344,78.56246975544425,10402.07033279943,40.45503234863281
scene106__10.png,scene106,221.90145379775194,36016.16949533235,56.103004455566406,55.809324770995886,11595.35411621532,28.684551239013672
scene106__20.png,scene106,223.8920716093978,36267.89731790048,57.25727081298828,57.75267642578535,11894.035750829818,26.818058013916016
scene106__3.png,scene106,199.74077536921223,33075.371677186275,51.22123336791992,40.72621312644695,8058.440763664894,19.269573211669922
scene107__10.png,scene107,123.82388344128414,20161.769593988527,50.11537170410156,27.546330685816258,7090.4198994049875,26.492103576660156
scene107__20.png,scene107,121.50001541048756,18957.424032730578,52.722511291503906,92.63128896919666,17662.154164987624,56.778564453125
scene107__3.png,scene107,109.50184645374235,18372.34732382217,50.36867141723633,28.665907604135533,7665.453587836443,25.519603729248047
scene108__10.png,scene108,196.8616153698876,22786.647991286674,51.70964050292969,79.86592473584405,10175.086341662376,27.76761245727539
scene108__20.png,scene108,190.6588100464726,21820.381047658746,53.89814376831055,77.76997034949026,8021.414012555434,17.453603744506836
scene108__3.png,scene108,236.14632530518838,24986.017390245222,53.73760223388672,105.50490409042592,13805.110460148908,33.166378021240234
scene109__10.png,scene109,211.71841360743971,22579.150396652167,57.956459045410156,57.5266824273178,12731.168138390272,29.277971267700195
scene109__20.png,scene109,211.24261767309622,23205.907629876343,57.61283874511719,110.9453951514458,18385.083578266243,46.266212463378906
scene109__3.png,scene109,217.2264425161996,23146.186781060842,58.005409240722656,86.75865214342271,14765.134612105712,41.377540588378906
scene110__10.png,scene110,381.7928904087168,47820.006295154926,63.568992614746094,118.40315808349443,21587.73095784283,43.7723388671875
scene110__20.png,scene110,345.4881265647193,43896.537647901154,61.940284729003906,146.27240616129916,28072.88978024615,46.74709701538086
scene110__3.png,scene110,344.1204335677475,42811.808772162534,62.70283889770508,219.27148465456463,37025.05861411495,60.11275100708008
scene111__10.png,scene111,79.20277038377833,8712.225718172362,49.574798583984375,19.29138049953068,2030.7671401851617,20.741073608398438
scene111__20.png,scene111,68.12695231726416,7258.983761523703,51.505210876464844,31.83244611642247,5969.37081849495,44.87430191040039
scene111__3.png,scene111,71.12947980254246,7572.049042393813,49.94135284423828,17.095266730189024,2147.6923890552594,19.659332275390625
scene112__10.png,scene112,264.2198100215835,22093.740514075886,57.939064025878906,21.82833971722163,3173.45068443885,32.597503662109375
scene112__20.png,scene112,287.86052194727665,22723.528575437285,58.12201690673828,40.330094915698645,4723.13524549406,32.81597137451172
scene112__3.png,scene112,275.94672584611607,21585.94460523374,55.45841979980469,42.68908554323172,6858.5247081734615,33.74094009399414
scene113__10.png,scene113,308.4926882172877,23516.96973863308,54.1320915222168,109.58242717927962,13246.873061346829,28.461841583251953
scene113__20.png,scene113,313.20693115006986,23208.286600402007,55.10797119140625,113.13653767739353,13651.943293017348,29.534099578857422
scene113__3.png,scene113,312.21140692836764,24080.78581985499,57.694091796875,113.03427502851717,15015.298654176966,36.91184997558594
scene114__10.png,scene114,92.7266416888907,6645.826870727724,54.961883544921875,26.73949809818169,2834.486762318168,26.872455596923828
scene114__20.png,scene114,96.02602350055136,6563.488830819668,52.33409118652344,22.158684898172194,2797.4095612595993,27.796741485595703
scene114__3.png,scene114,96.89782893792318,6610.875657984454,57.339168548583984,26.374929011313597,3114.2242070773264,33.88660430908203
scene115__10.png,scene115,170.41602451595682,14467.432459254424,44.067283630371094,50.29786373321315,7099.5809785056845,30.225603103637695
scene115__20.png,scene115,155.1061173513979,13000.857599853762,42.33905792236328,36.12852412862175,5642.326554254087,24.65235137939453
scene115__3.png,scene115,167.81715908340354,13940.37965664128,43.7742805480957,56.58166604487761,7896.6840786370885,29.53641700744629
scene116__10.png,scene116,1101.6222616363557,40944.50538725563,64.62162017822266,100.47124881660577,17957.88042955353,25.29405975341797
scene116__20.png,scene116,964.7097973297592,39558.21992599946,63.355960845947266,161.2256735327231,22286.575347200403,34.76525115966797
scene116__3.png,scene116,1087.4541524659821,40543.14963327004,63.75358581542969,141.93018297071268,23381.95496079321,35.733848571777344
scene117__10.png,scene117,115.64843018506843,13492.93471382986,49.20750427246094,20.35528671514185,4607.439207160671,26.15120506286621
scene117__20.png,scene117,101.32702073549567,12098.673126135189,44.49723434448242,16.737153452582344,3763.2474695174874,21.52670669555664
scene117__3.png,scene117,133.6485326168823,14951.24458996753,46.088645935058594,22.058480758621375,3780.1026960510126,22.822738647460938
scene118__10.png,scene118,191.92265952101016,18018.38025164953,61.168128967285156,128.05260680162323,14991.96660597435,32.08085250854492
scene118__20.png,scene118,193.91421006916366,18197.329575591688,61.137451171875,112.8858415234568,14648.823807364628,34.59880828857422
scene118__3.png,scene118,186.77801565745557,17845.514551255805,61.351356506347656,136.66595280795335,15679.212430127258,27.775917053222656
scene119__10.png,scene119,92.17051222532159,5774.477939219756,48.28730773925781,20.72094894519495,2114.0379276782783,20.932987213134766
scene119__20.png,scene119,80.96315226519464,5319.7383679407485,45.850379943847656,18.454959231864578,1911.7791495113458,26.261802673339844
scene119__3.png,scene119,80.40200233381248,4964.265803935005,47.539894104003906,27.215568309460707,2574.0052298427904,24.589323043823242
scene120__10.png,scene120,322.5852153089491,38992.6050990568,53.712066650390625,118.66070599231503,19737.40485074627,37.556365966796875
scene120__20.png,scene120,316.1392288118082,38111.0798045867,51.13372039794922,120.35294832968579,22867.898050185107,38.15384292602539
scene120__3.png,scene120,307.32436879526955,38425.88551829776,51.995460510253906,113.60648928544485,16424.989170709006,37.96012878417969
scene121__10.png,scene121,108.5324093413077,8252.243198107299,43.58824157714844,96.7601918664504,9394.964220975735,35.1265983581543
scene121__20.png,scene121,76.67730520513472,5464.218171715871,37.158424377441406,106.82599917472088,12664.305731587101,31.57688331604004
scene121__3.png,scene121,105.01891453662165,7386.496870361123,43.74614715576172,141.6664535109903,12072.259628446247,32.589561462402344
scene122__10.png,scene122,116.64182517178686,11593.465524388559,53.260032653808594,60.564336849732705,9693.95423190072,48.58477020263672
scene122__20.png,scene122,119.83102110579824,12561.080999982245,50.52092742919922,54.69964378851476,8579.68526818248,37.757728576660156
scene122__3.png,scene122,118.65064825519089,11648.74724305997,51.5721435546875,51.10019805310341,7429.128697085813,28.64579200744629
scene123__10.png,scene123,238.3476364599675,27282.42489467071,52.473167419433594,68.37821285514227,12900.455228670215,29.263036727905273
scene123__20.png,scene123,229.0294986535001,26986.80423901258,54.97689437866211,52.992768063607905,9060.376706158087,26.261837005615234
scene123__3.png,scene123,211.55968015207466,24076.744906892203,52.99675750732422,66.54117905606098,12920.846608108108,32.532005310058594
scene124__10.png,scene124,255.51511302776282,20918.75925667179,53.44029998779297,51.67658969421609,6272.75344461305,23.292369842529297
scene124__20.png,scene124,257.6958668496485,21466.525256248948,50.149925231933594,49.18161873912081,6459.9575892469,25.9261417388916
scene124__3.png,scene124,246.3092134454899,20145.693553173198,52.558128356933594,160.79692863509712,16285.242113824881,48.25546646118164
scene125__10.png,scene125,220.40325504163596,25529.22380699043,53.96449279785156,60.76381987495759,11288.338159255429,27.701215744018555
scene125__20.png,scene125,234.21457962464538,25111.031986558926,53.89736557006836,94.41731874720955,12896.07842403467,35.29869842529297
scene125__3.png,scene125,231.3141251831239,25475.41304911181,53.643272399902344,72.34362423317265,13125.310042366233,36.76429748535156
scene126__10.png,scene126,193.90619693372727,16082.656340598074,56.79765319824219,49.71800423592091,6083.562002656796,23.85715103149414
scene126__20.png,scene126,177.86715632546384,14686.801540655444,56.73699188232422,60.61567712995527,8081.642075584804,28.82229995727539
scene126__3.png,scene126,188.2255260698248,15463.542866336402,57.98041915893555,99.27825195885121,12150.142723946577,50.162193298339844
scene127__10.png,scene127,213.51451370664145,30703.86597053186,63.040679931640625,75.0481340763371,17957.213540922727,45.484222412109375
scene127__20.png,scene127,208.52834859178876,29488.168552449944,60.932159423828125,48.560270648647965,9809.84369439015,33.60078430175781
scene127__3.png,scene127,216.28738500609848,31023.320969909437,62.37769317626953,51.03031932626417,12108.759451179438,36.72733688354492
scene128__10.png,scene128,92.8765514300505,11763.29507321085,61.02609634399414,10.619854730217469,1379.234028703388,31.646589279174805
scene128__20.png,scene128,107.19143249441618,13591.714558242926,60.694271087646484,22.54638095336461,3996.785514500221,41.710182189941406
scene128__3.png,scene128,111.15394087971279,13786.030041132504,62.837127685546875,21.012684961151333,4354.893178007996,49.22843551635742
scene129__10.png,scene129,580.7512636588303,48888.690051634214,63.650146484375,191.4466041976715,22360.134261029132,38.76411437988281
scene129__20.png,scene129,623.1047284884485,50551.548745554166,59.68768310546875,331.4870317099557,39094.46529038112,50.291717529296875
scene129__3.png,scene129,555.7407703385143,46096.012082583875,61.45307922363281,191.25897319594802,21270.860529800484,34.368316650390625
scene130__10.png,scene130,126.49526853087187,14939.623849119955,64.33253479003906,16.874468986460865,2646.821127545021,38.4485969543457
scene130__20.png,scene130,118.30392429072967,13450.683711875405,63.581947326660156,46.32456867274976,9354.156118509864,60.11467742919922
scene130__3.png,scene130,145.13566664300444,17845.365500794913,64.75027465820312,30.16539011981794,6101.554601000865,51.747039794921875
scene131__10.png,scene131,1185.1668113416324,79085.66635634787,69.49541473388672,88.80799775909487,10378.49679248698,30.752761840820312
scene131__20.png,scene131,1140.972787567654,79392.4924948726,71.31958770751953,61.922143188580215,8131.601457738427,39.74840545654297
scene131__3.png,scene131,1159.7066783576029,76801.49447016373,71.83748626708984,56.74465550781207,6908.009393629192,40.60990905761719
scene132__10.png,scene132,278.87286842206487,30894.594269316793,64.11029815673828,126.472694155653,26063.857359992762,53.13432312011719
scene132__20.png,scene132,281.14525278386293,31520.476952939654,66.55931091308594,128.34157959432886,24984.642952398593,46.96660614013672
scene132__3.png,scene132,262.8888052975829,31852.626171399956,64.59917449951172,111.13194111712818,30795.841561281024,37.34080123901367
scene133__10.png,scene133,587.51024486715,64973.34541240445,67.30812072753906,301.849960494521,46474.08027585579,50.23229217529297
scene133__20.png,scene133,552.3622078221099,60175.75429964732,67.58946228027344,305.7023955923304,50582.66604511143,56.760047912597656
scene133__3.png,scene133,537.1972217570182,65994.56105100464,68.58480072021484,200.02789655849728,38351.170632911395,39.80784606933594
scene134__10.png,scene134,722.0520141062315,67159.1339216241,68.2898941040039,194.92424290157518,34396.655124629135,38.222896575927734
scene134__20.png,scene134,802.1288937779623,67158.89373171501,68.1718521118164,236.1712064486417,38465.337486136785,36.55915069580078
scene134__3.png,scene134,777.440622230975,67341.86167192706,67.44325256347656,334.1418306227068,56095.53816169436,58.949100494384766
scene135__10.png,scene135,200.23040500769952,13186.800143419356,56.07213592529297,54.33098552771474,7213.094512803458,39.62678527832031
scene135__20.png,scene135,182.55832940733862,11337.505938282466,56.63194274902344,42.883131695828304,5520.950309463936,33.76282501220703
scene135__3.png,scene135,197.40492024512972,12359.213711398283,55.67433166503906,65.48545235503246,7488.494432376033,40.812862396240234
scene136__10.png,scene136,299.3236609271347,28481.771691443755,65.51567840576172,110.50138014254568,15973.460343808269,39.841575622558594
scene136__20.png,scene136,264.85763939147506,28427.08321643154,63.892601013183594,101.70289646055143,11971.81624994817,34.639400482177734
scene136__3.png,scene136,284.7300024667958,26325.81359757643,63.51472091674805,84.59731119022015,12582.247690005546,38.71882629394531
scene137__10.png,scene137,526.5295760960321,35612.1370682762,72.65998077392578,168.09842214424853,22922.429051237465,66.04177856445312
scene137__20.png,scene137,527.7449370006759,35823.98524245158,73.19770050048828,117.5231218504884,17109.961052727216,55.178688049316406
scene137__3.png,scene137,488.74966241817907,34113.29137824716,70.84951782226562,147.73014716445869,19820.945191459883,60.708099365234375
scene138__10.png,scene138,208.85979751700978,23292.855631682836,52.794586181640625,44.024628244181,6092.11549337699,27.932647705078125
scene138__20.png,scene138,172.30667235140683,19285.303673006318,53.76142883300781,44.686994179104076,6830.576167118544,32.753753662109375
scene138__3.png,scene138,185.39531347233617,20230.73270618577,55.785430908203125,46.08706215026924,6879.1124690338565,28.139881134033203
scene139__10.png,scene139,391.12362135749754,36566.16635761175,57.50336456298828,132.4558139239103,19681.13837664044,37.64780044555664
scene139__20.png,scene139,402.56261679175964,38645.505550282025,54.714271545410156,146.01716362431526,19514.028200764023,34.95634460449219
scene139__3.png,scene139,401.26725750144885,36511.52355606592,56.283485412597656,129.0139497953882,17663.500007590825,31.51647186279297
scene140__10.png,scene140,422.27573196940756,39290.9295583936,57.552146911621094,48.7456863588943,7456.406029598419,24.96009063720703
scene140__20.png,scene140,452.31432024082176,40716.10415931512,57.72898483276367,111.45654731426539,15526.215717597828,45.84374237060547
scene140__3.png,scene140,418.59231862279927,36348.57832297144,57.45820617675781,53.58122767223713,8238.855055646394,25.14518928527832
scene141__10.png,scene141,347.539525303334,48703.77986042571,56.039939880371094,80.00694056175927,16667.813290356433,32.767425537109375
scene141__20.png,scene141,346.38327926568826,48538.86416241915,57.33274841308594,76.13544884423729,16289.021980235051,27.222251892089844
scene141__3.png,scene141,360.7602195737055,48866.6962182636,55.79334259033203,78.04260777436974,17082.7211657873,28.100337982177734
scene142__10.png,scene142,118.42023905503706,23683.67393972097,61.91413879394531,25.465166577478954,7251.822966539671,37.85350036621094
scene142__20.png,scene142,107.93999574861775,23064.865163529546,61.20452880859375,27.314373356762324,9133.43528773232,49.21742630004883
scene142__3.png,scene142,113.53115956268176,23508.19619107087,64.03744506835938,17.66607831697315,5959.12054115544,35.82652282714844
scene143__10.png,scene143,145.90336631849507,24217.27130419488,49.73474884033203,37.57929568981982,8489.18142097955,30.959033966064453
scene143__20.png,scene143,114.33666596410043,19247.018359583766,50.38576889038086,21.64071058695883,8246.092019697027,31.65945053100586
scene143__3.png,scene143,145.73617674861552,24232.858868833908,50.884456634521484,60.40315012797103,14392.958288066347,39.31513977050781
scene144__10.png,scene144,31.991318347342133,3563.8784076080156,39.28445053100586,9.836255893970426,1572.06673195618,21.901947021484375
scene144__20.png,scene144,33.05373129000344,3592.976136244174,39.30657196044922,11.45858043555488,1802.272091081594,20.60346221923828
scene144__3.png,scene144,33.890732029002095,4495.999256869427,40.828399658203125,12.729935670209958,1773.1111348774675,20.255348205566406
scene145__10.png,scene145,120.66523541176387,20255.126660134167,63.47087097167969,19.684327864377693,4753.214244817063,19.679563522338867
scene145__20.png,scene145,121.87892028909548,20399.905760246023,62.426753997802734,26.92794014694719,7652.948504280254,48.746620178222656
scene145__3.png,scene145,107.72726022056128,18316.210460386814,61.874046325683594,92.36229891236722,19809.104278548246,63.85077667236328
scene146__10.png,scene146,159.29169324485196,27232.956925573882,63.93170166015625,38.876041255636224,7335.9646055652265,47.533546447753906
scene146__20.png,scene146,151.83226301081035,26255.34000856628,60.34591293334961,117.26863221536476,24858.342739214986,60.357662200927734
scene146__3.png,scene146,143.09511676217096,25302.802413018133,60.68242645263672,37.47256165226933,7858.1958110528585,49.975669860839844
scene147__10.png,scene147,234.6007329784311,27214.835180910457,56.30612564086914,53.10329865876271,7726.14744043835,28.643918991088867
scene147__20.png,scene147,219.0366664181823,27522.131444680334,56.466773986816406,58.5926929204678,10432.065723425509,32.564022064208984
scene147__3.png,scene147,194.40224116432324,24753.95530466953,56.904815673828125,52.91688419949976,7797.405267717451,37.37666702270508
scene148__10.png,scene148,101.46617874092468,15909.647915954596,59.19993209838867,50.69710329865239,10011.494538643054,48.178688049316406
scene148__20.png,scene148,107.73086132467206,16227.300899469987,57.27973556518555,23.815706889366435,5421.2581011810225,34.7651481628418
scene148__3.png,scene148,106.95198705412903,16356.736637460854,56.62916946411133,25.640849897735674,5019.83728753014,32.648990631103516
scene149__10.png,scene149,118.68639919206225,14282.64761349414,53.519561767578125,76.36844732421268,11736.438938450632,47.160736083984375
scene149__20.png,scene149,91.34952194061539,10987.203631647211,51.03235626220703,28.13419551310967,4566.252621245381,32.111907958984375
scene149__3.png,scene149,90.25009818393345,11242.204676793677,51.07830047607422,55.16980991923916,8839.251766675357,47.04708480834961
scene150__10.png,scene150,147.63079473216104,19257.120010375977,49.39257049560547,25.561012595386114,4288.707145512461,23.57073402404785
scene150__20.png,scene150,135.41061318513536,16288.63984156048,49.62587356567383,36.837918782778615,7043.03711517095,27.069427490234375
scene150__3.png,scene150,142.90173109460534,18466.032019411115,51.953086853027344,37.539027068780115,7008.230149257923,30.045013427734375
scene151__10.png,scene151,101.87290938882174,15043.13179521431,56.073097229003906,32.54874881005916,8047.127420154327,22.808734893798828
scene151__20.png,scene151,107.59252976432283,15690.485366220484,55.360557556152344,33.51914807410013,7325.220134182934,37.849037170410156
scene151__3.png,scene151,117.1902269027554,16508.047042894592,55.76850891113281,27.9002750677442,7124.812152872861,20.406635284423828
scene152__10.png,scene152,100.20025236466364,10774.50175909104,53.802772521972656,23.676287029051327,3283.0466119957932,20.66983413696289
scene152__20.png,scene152,71.47929549389205,7699.35740458233,47.057838439941406,32.87557997907018,6288.300903765962,33.211448669433594
scene152__3.png,scene152,85.71955009743985,9161.723598980318,52.57178497314453,28.45776652401904,3881.681598552371,32.48134231567383
scene153__10.png,scene153,220.16035088046135,25996.470210272684,59.09501647949219,59.68283191857008,13609.791119254123,34.26476287841797
scene153__20.png,scene153,191.68135876608815,23644.476955722548,56.55077362060547,14.275952615168006,3008.614257169587,14.977751731872559
scene153__3.png,scene153,193.71925635865028,24092.51830037863,57.454978942871094,43.94605956655521,11375.598701414667,27.206043243408203
scene154__10.png,scene154,188.95479921435225,24905.839715971357,53.8599853515625,57.55523834208442,14472.251347924823,28.380342483520508
scene154__20.png,scene154,181.2798137826904,25807.713327451936,55.97860336303711,30.752940138495433,7746.420827291878,19.017187118530273
scene154__3.png,scene154,190.64049430642172,26056.56308981544,57.113895416259766,47.062201497912596,10803.2625989639,26.52927017211914
scene155__10.png,scene155,169.12439652373752,23770.25066880685,48.07400894165039,45.27130911637749,12058.095133041828,24.08985137939453
scene155__20.png,scene155,182.86140934931433,25291.2522443754,48.808834075927734,37.170930600166784,9232.219133481769,18.38833999633789
scene155__3.png,scene155,174.76959419896605,25554.152045638177,42.7978401184082,27.76977598887339,9117.596792706523,16.851560592651367
scene156__10.png,scene156,107.68994103011362,13372.456970972651,50.21971130371094,59.37242874044926,11189.795604071001,46.7936897277832
scene156__20.png,scene156,93.9821265391741,12076.942785217405,48.71248245239258,12.614194783992586,2350.0509407956692,18.92264175415039
scene156__3.png,scene156,107.7281017664601,13460.279372456216,51.37765121459961,19.152315118754423,3165.3543265960548,18.309764862060547
scene157__10.png,scene157,94.36575344207175,14319.68852526483,49.502445220947266,26.763633565779667,7488.928509478379,37.644508361816406
scene157__20.png,scene157,97.52160953100896,13600.80961192197,47.733978271484375,13.21009428722511,3275.5555958616887,28.73797607421875
scene157__3.png,scene157,100.04610991236977,15547.479484173506,47.3572998046875,17.487236274747023,4694.112309254359,26.833133697509766
scene158__10.png,scene158,46.367441247878105,5613.178603691977,40.565940856933594,8.800057161656051,1401.7892450230713,21.567712783813477
scene158__20.png,scene158,45.243813008715925,6050.620083980055,40.89909362792969,12.334828562348525,2476.187240337404,28.658952713012695
scene158__3.png,scene158,49.01123819624933,6387.60949551559,41.554405212402344,9.331828562976948,1845.3379522937955,26.62043571472168
scene159__10.png,scene159,50.093591228310736,5535.93064167495,52.046424865722656,13.921766184453757,2043.3497000976427,24.155235290527344
scene159__20.png,scene159,49.47166718932954,5684.003163586474,53.278480529785156,14.87888814430505,2656.5483649864345,26.62814712524414
scene159__3.png,scene159,52.469594480527235,6009.0665851295325,53.41671371459961,15.60260873474928,1750.1522152189011,20.39607810974121
scene160__10.png,scene160,47.11575787639462,4983.85212464115,44.59230041503906,7.004873840390917,814.456394079107,13.725079536437988
scene160__20.png,scene160,44.412409343608545,4815.377528348777,44.549888610839844,11.756892030572283,2178.0322719546743,28.37799835205078
scene160__3.png,scene160,57.77695422713574,5763.992534453166,43.17201614379883,15.970830908928349,2256.771176673543,20.47538948059082
scene161__10.png,scene161,126.14196426330399,23659.925479038237,54.20100402832031,34.05729589514913,12043.3643993466,40.592586517333984
scene161__20.png,scene161,105.68652108918187,18976.463557646417,53.93678283691406,15.026697464906013,6660.122871912338,28.075672149658203
scene161__3.png,scene161,122.19536230945637,22283.81275712991,54.36259460449219,30.455594214030135,12447.670704685504,40.29518127441406
scene162__10.png,scene162,263.12180775420694,30330.974803877773,44.85420608520508,80.16713129937503,16773.092759591942,29.145442962646484
scene162__20.png,scene162,245.28860106811976,28278.270459744093,49.06237030029297,67.46798671496137,12268.155970384372,25.583148956298828
scene162__3.png,scene162,310.27740871860146,33849.791811661686,49.97769546508789,70.5584770142783,12445.527586713812,28.047048568725586
scene163__10.png,scene163,206.99552270631077,29636.19881154632,62.14949035644531,62.84496189577112,13626.382057350742,41.1053581237793
scene163__20.png,scene163,196.51873425839142,29024.259455799453,61.78853988647461,32.152079675312,7641.189064254111,26.494998931884766
scene163__3.png,scene163,220.51321024212902,31909.550339630732,65.66175079345703,34.473030692801494,9438.536436720216,36.76301574707031
scene164__10.png,scene164,87.0857891975094,17818.532941176472,43.52688980102539,17.332006020872836,4641.073756346028,21.145614624023438
scene164__20.png,scene164,88.14944049224815,18510.131499688607,42.02094650268555,17.73842762591487,5142.592029124673,24.366764068603516
scene164__3.png,scene164,100.6385684613224,19461.143904784803,45.90463638305664,48.88504197033914,14591.468814515976,38.21092224121094
scene165__10.png,scene165,40.34818684513283,6077.528124628374,40.969482421875,14.194399304570704,3186.35195769731,26.89761734008789
scene165__20.png,scene165,39.39140433863278,5991.013009750328,37.740257263183594,7.113572456103352,1324.659742203742,16.068199157714844
scene165__3.png,scene165,36.30776817756398,5479.509490643297,38.68781661987305,16.40943098394877,3795.897481103915,24.47804832458496
scene166__10.png,scene166,220.74208197318117,30731.619362467954,51.33938980102539,102.73477648786455,17325.699970677655,46.33615493774414
scene166__20.png,scene166,194.48420382877984,28888.549590631155,50.96807098388672,83.82142380991975,15090.506336286438,43.615596771240234
scene166__3.png,scene166,224.89685451562815,29604.41434806788,51.38154602050781,133.0044343427227,19882.528658021944,44.39521789550781
scene167__10.png,scene167,67.10936123104145,7976.519764494873,44.2984619140625,26.01078612767877,4861.119772527211,35.86419677734375
scene167__20.png,scene167,71.86059884349199,10864.51750729796,45.48027801513672,19.553923331882046,4160.997310688358,30.729812622070312
scene167__3.png,scene167,72.87279429555066,10725.10161368404,45.14930725097656,14.741745148879135,2814.283691346098,23.822265625
scene168__10.png,scene168,41.85777874900493,6090.310330283284,39.942718505859375,12.116400442522334,2110.7592710180784,22.491668701171875
scene168__20.png,scene168,33.70480113105154,4761.14121190797,37.17643737792969,6.372214926996815,997.9623810738891,18.03995704650879
scene168__3.png,scene168,36.00398291909946,5096.160074261255,37.33476257324219,16.691480646572963,3465.0829712983405,29.181110382080078
scene169__10.png,scene169,216.56571556509454,37828.05733383698,57.024932861328125,54.8052963785523,9756.90004974934,37.833045959472656
scene169__20.png,scene169,252.78664934722786,39319.05003413635,58.37713623046875,86.8466112432816,25517.402142674546,55.109657287597656
scene169__3.png,scene169,230.3421967962783,37540.67172239645,58.215782165527344,73.37448972326554,16182.6502382471,56.38027572631836
scene170__10.png,scene170,61.685114007657845,9643.92561414398,40.10478973388672,11.133971857764736,3293.1316572940787,20.95716094970703
scene170__20.png,scene170,65.2905996777996,10506.362212214155,42.02827453613281,18.34003964871016,4569.312260332339,25.285551071166992
scene170__3.png,scene170,57.97956020661245,9648.712077217293,39.57499694824219,12.157729184736256,4015.682044843684,24.91693115234375
scene171__10.png,scene171,60.047812127384965,5149.2211998024395,38.49651336669922,29.376120033367826,2578.478287764444,26.16861915588379
scene171__20.png,scene171,60.50532280863965,5393.8824697063965,38.939598083496094,29.106881878563247,2982.9463937421724,21.47422981262207
scene171__3.png,scene171,68.9094231694397,5954.885214716176,39.49507522583008,46.93814709382768,5138.834892565655,35.725032806396484
scene172__10.png,scene172,169.4484134744812,27210.670703069318,64.0230484008789,17.371269087410713,5483.6961924940215,21.192707061767578
scene172__20.png,scene172,177.70052701246723,24459.070685349612,63.158206939697266,26.017818841692012,8473.317822422237,28.31775665283203
scene172__3.png,scene172,174.8745559946978,23739.907364850078,63.06538391113281,21.599120130077342,7353.36112077224,24.212488174438477
scene173__10.png,scene173,132.06943968950725,18970.957098941755,54.3372802734375,28.475648171834376,8275.600010008508,29.865015029907227
scene173__20.png,scene173,97.38351700909557,10801.329736773521,52.24013900756836,22.26320919124504,4177.906043307405,25.908864974975586
scene173__3.png,scene173,117.43938639754964,17602.69536931792,55.972328186035156,70.92109842999095,14589.608575295813,51.310752868652344
scene174__10.png,scene174,64.3457324187541,5770.621890460595,47.55276107788086,24.18488853259045,3791.0871917525774,37.655853271484375
scene174__20.png,scene174,67.15225659589186,6134.449209295165,52.136932373046875,10.171886973420557,1070.049852391115,25.11534881591797
scene174__3.png,scene174,64.63677741789319,5868.096436826726,50.161582946777344,16.501588371826053,2432.3673476005188,32.18816375732422
scene175__10.png,scene175,235.0882671155262,12536.172515243252,52.09980010986328,87.92831957517504,8566.106953696528,39.24864959716797
scene175__20.png,scene175,238.99556604186304,12975.122142071157,50.541648864746094,79.09218841935429,9403.089101964453,27.568540573120117
scene175__3.png,scene175,212.66145249022892,18373.85493829739,42.62506103515625,74.48976055558491,11173.675550345188,32.130706787109375
scene176__10.png,scene176,129.72894903799792,22476.088504519405,55.61403274536133,47.06772036675452,12062.699916707645,53.48225402832031
scene176__20.png,scene176,130.79437442335825,21380.0015905179,55.03369903564453,36.89137702248113,11381.132020661595,49.45914840698242
scene176__3.png,scene176,127.87177706188338,21413.294184294307,55.24375915527344,11.073952683326779,2772.291309740547,30.10795021057129
scene177__10.png,scene177,98.35155000966043,18705.231786232936,58.00202560424805,18.79593001718118,6428.882197588976,47.41292190551758
scene177__20.png,scene177,101.11184259928541,18750.485489785227,56.06451416015625,21.015261336570227,6138.0036978715125,41.13016128540039
scene177__3.png,scene177,105.14145455789173,18876.84215089088,55.5003662109375,16.956070894541956,6256.185301587881,40.101951599121094
scene178__10.png,scene178,97.13198523454959,7058.182584158651,54.96881103515625,14.956278010245667,2042.660970498146,17.68362045288086
scene178__20.png,scene178,89.62693150016635,6221.327591947262,53.08214569091797,32.753917821518705,3245.234218182324,38.56460189819336
scene178__3.png,scene178,95.04818380082283,6806.199227368796,57.444000244140625,21.17435635697685,2073.068204621296,25.07264518737793
scene179__10.png,scene179,107.61127716947959,13519.853241724948,56.55082702636719,13.287299409555827,1906.5954287444183,22.90777587890625
scene179__20.png,scene179,90.29797117787695,11264.30293396501,56.8178596496582,11.665266774418521,877.8755802917116,21.156787872314453
scene179__3.png,scene179,103.89944407735342,13001.952152910368,55.80118179321289,17.78705648645968,3081.3335518716244,22.13563346862793
scene180__10.png,scene180,203.8321938629947,16871.333291095703,58.46684646606445,46.22558820316088,6134.684886406191,30.840097427368164
scene180__20.png,scene180,194.25072870390076,16119.3654143313,55.51563262939453,50.553437521856544,7230.980282712379,28.756174087524414
scene180__3.png,scene180,283.92795764351905,19685.822818396227,59.27243423461914,50.577564824379806,7533.672754638808,25.89260482788086
scene181__10.png,scene181,202.2401498422768,27898.41892778706,49.76909637451172,87.30073049751387,17054.697566183917,23.381956100463867
scene181__20.png,scene181,164.88588726082506,25049.066998184404,44.576358795166016,14.308076614053213,2646.9479304939964,15.160792350769043
scene181__3.png,scene181,169.6788929829367,24685.72525248971,42.84510040283203,34.995035230254075,9413.93987296149,16.326335906982422
scene182__10.png,scene182,380.53761414447524,47156.48535831548,49.5816535949707,70.03641752036323,15361.347426654818,26.84829330444336
scene182__20.png,scene182,361.40960361573855,47336.508297980916,49.25904846191406,36.913459345720455,7340.07341229583,18.75649642944336
scene182__3.png,scene182,358.02394521686034,45767.27013289881,48.54073715209961,76.7403673215508,15611.751995620112,29.300838470458984
scene183__10.png,scene183,246.87872014756522,21420.574511126095,57.04481506347656,49.8302714593005,8244.756479039737,36.913726806640625
scene183__20.png,scene183,257.03212164488195,22292.40641185849,56.362648010253906,32.18189896312414,4420.679171057253,22.49472427368164
scene183__3.png,scene183,251.3393491892443,21886.90168629249,57.45702362060547,87.25291200605699,9390.745001106203,46.448707580566406
scene184__10.png,scene184,33.07535732936078,3159.4580524682005,29.953025817871094,6.6616200649454544,1169.8909634297872,18.69696044921875
scene184__20.png,scene184,32.64714106494121,3384.249516647881,36.75196838378906,5.7912419356393166,655.2346734843171,21.875930786132812
scene184__3.png,scene184,33.53154810052528,3178.0929291964235,32.786376953125,8.425916356455438,1845.7776537352313,21.102733612060547
scene185__10.png,scene185,180.40989450810878,23514.611682969553,53.067970275878906,35.074288092006675,6047.791758803166,28.50228500366211
scene185__20.png,scene185,229.05017982334167,26543.11303214765,54.56641387939453,58.84538943566569,11105.357172675205,37.95010757446289
scene185__3.png,scene185,203.42810328097124,25466.276857946472,53.111053466796875,31.459205326155107,7055.780721187106,24.822078704833984
scene186__10.png,scene186,239.5472429820103,29066.98882914168,53.95225524902344,47.51764795215998,7149.3523385719855,31.498685836791992
scene186__20.png,scene186,235.97221531573618,28712.97990447708,57.54304122924805,42.862031294183474,5898.758008884594,23.15796661376953
scene186__3.png,scene186,247.63639893378235,28893.071293825735,53.004756927490234,29.566388275739488,4608.300312338431,24.20769691467285
scene187__10.png,scene187,180.21070896336101,30766.6852971812,44.379669189453125,16.69104990094147,4202.061557798457,27.81291389465332
scene187__20.png,scene187,197.96209765391686,26798.347026227708,48.1489143371582,23.703603271073426,5747.467265024772,31.841346740722656
scene187__3.png,scene187,233.92569989141407,31990.26188527171,49.55160903930664,99.74276949540926,22554.79761737474,45.754066467285156
scene188__10.png,scene188,163.4883758756868,16193.678764188144,49.9134635925293,30.69658844528675,6561.31831476657,26.124481201171875
scene188__20.png,scene188,157.23222230754678,15926.171649288115,49.295616149902344,26.96030638692445,5323.636205707278,22.927093505859375
scene188__3.png,scene188,143.60928143625512,13866.24295555233,50.026039123535156,56.32923691093283,9190.649826430936,29.19684410095215
scene189__10.png,scene189,91.02613195515664,9974.58186782561,50.949344635009766,17.53411076613883,2699.803744259979,18.552959442138672
scene189__20.png,scene189,95.11732566377911,9976.593542587942,51.51826477050781,28.94407898146088,4631.341229171616,34.91358947753906
scene189__3.png,scene189,113.28582914975873,11611.832059983093,54.21778869628906,22.346945536377763,4841.426699426699,29.756202697753906
scene190__10.png,scene190,106.73079920129257,14590.143765231172,46.153160095214844,29.838218005517177,6424.43800324611,26.490100860595703
scene190__20.png,scene190,108.890310993212,15218.13334725994,46.302223205566406,27.149415500178026,4780.064781680761,24.356374740600586
scene190__3.png,scene190,121.20358552318321,16161.152282032495,48.50620651245117,29.617267858816856,4795.923329576558,20.471885681152344
scene191__10.png,scene191,204.76619007735115,19717.11007967701,57.363502502441406,21.802687377593195,2072.14498455754,22.495197296142578
scene191__20.png,scene191,202.10673108374027,18880.778328519664,57.91304397583008,35.57278422468373,6464.065516151091,43.22138595581055
scene191__3.png,scene191,190.6382402438476,17331.380411530234,57.60310363769531,25.925324290218832,4737.941392484884,34.26298522949219
scene192__10.png,scene192,227.04710014291777,17924.44450215478,51.20357894897461,21.881236754187874,3942.759484044576,25.407712936401367
scene192__20.png,scene192,235.3585321185511,18343.04168311415,49.14070129394531,22.90950606020784,4561.944713732852,16.795421600341797
scene192__3.png,scene192,247.42878582330488,18375.030025160748,52.472049713134766,63.80236514638732,8929.936016191601,37.81879425048828
scene193__10.png,scene193,144.25536826048096,9129.570761355917,47.5865478515625,30.235037612841413,4056.357668506439,32.6392822265625
scene193__20.png,scene193,120.6381338523497,7330.884076763486,46.41996383666992,41.93370070542711,4445.329177456817,34.92350387573242
scene193__3.png,scene193,173.87083194139018,11786.410220856265,52.052650451660156,37.01198052629731,4629.034169912727,34.623931884765625
scene194__10.png,scene194,187.78955802567017,16529.242881867427,56.76313781738281,23.854441408102478,2501.8383125151267,35.04656982421875
scene194__20.png,scene194,182.41042069263193,16116.91694558461,56.76498031616211,70.48306675879259,10461.278802968465,46.120582580566406
scene194__3.png,scene194,172.4063437271553,15482.72231338703,58.89680480957031,75.27533687385838,10544.840136838402,48.646114349365234
scene195__10.png,scene195,77.70125367319349,5015.360132062904,48.78178787231445,20.382863674978864,2994.389223785071,25.858177185058594
scene195__20.png,scene195,71.58311192166451,5228.320151639814,44.32981491088867,23.570306555708605,2922.04180139338,22.987035751342773
scene195__3.png,scene195,79.01821709113703,5304.124592476788,49.271759033203125,21.60866536327567,3144.302907964425,25.558412551879883
scene196__10.png,scene196,66.60664925063026,6330.7025970236355,48.316741943359375,14.427863396044598,2428.005545476329,26.568016052246094
scene196__20.png,scene196,59.86986449319664,5656.358713858151,47.32984924316406,13.863120658522956,1917.1961202565885,26.428951263427734
scene196__3.png,scene196,79.95405480622799,6003.166480291959,49.12235641479492,12.376707852289563,1460.3921669599051,25.076265335083008
scene197__10.png,scene197,29.8574016608996,3215.596640654304,44.71193313598633,8.119238369951749,1661.3248885799567,24.200881958007812
scene197__20.png,scene197,33.51301633930631,3796.580228614039,44.89093017578125,5.895963810923262,989.9081416959806,19.21097755432129
scene197__3.png,scene197,25.7814302807787,2827.3768954959673,41.981712341308594,11.157182869216568,2175.2886147391555,31.696001052856445
scene198__10.png,scene198,40.99342619387686,3562.0753281449647,39.29187774658203,11.41370356964472,1516.518931600794,30.447755813598633
scene198__20.png,scene198,43.32121849443902,4057.015952292955,42.88719177246094,9.235142971809998,1271.59514044018,28.42707061767578
scene198__3.png,scene198,44.072140757292416,4339.818424234907,44.354671478271484,20.143388501591623,2621.6230828770463,37.45885467529297
scene199__10.png,scene199,67.05716369016817,9399.793482915133,50.21465301513672,10.86055551264733,2404.0140791777762,25.92932891845703
scene199__20.png,scene199,70.89948024375961,9781.804496876564,48.94575500488281,27.54953964689013,6032.818566904196,39.49684524536133
scene199__3.png,scene199,67.32123029707856,9576.192495609133,50.889583587646484,26.098468171787705,6923.918037335025,45.05865478515625
scene200__10.png,scene200,238.5214883596469,24605.79674480937,51.944732666015625,75.24434380954358,13315.713127156085,25.284305572509766
scene200__20.png,scene200,246.01089543826583,26687.315969869673,54.235477447509766,85.93346603394981,15924.707515393362,28.07095718383789
scene200__3.png,scene200,233.00711852074843,24604.3736270117,52.70130920410156,78.84875594484402,13450.689317168442,28.030532836914062
scene201__10.png,scene201,272.5444244565966,33341.83358781734,46.869239807128906,47.348122291843694,10419.643055886796,26.30234146118164
scene201__20.png,scene201,234.6670562646449,32189.490269390328,47.54710006713867,22.679924424799104,5464.3373416956065,17.69216537475586
scene201__3.png,scene201,264.8845549309077,33065.214988764754,49.087554931640625,96.81816753972244,17824.46778809373,34.11314010620117
scene202__10.png,scene202,151.8745698292793,30535.08154243613,53.87556457519531,56.83293882264568,16942.893254028957,36.9151611328125
scene202__20.png,scene202,147.64117254613342,31241.237101038994,52.3110237121582,74.39372872076227,19689.25476128709,42.34360885620117
scene202__3.png,scene202,138.88963544690452,30122.622473791205,49.77268981933594,55.07635507476903,12044.71942398411,35.66365051269531
scene203__10.png,scene203,711.0533449319635,58135.37937842168,68.77874755859375,140.29704388542348,20906.776891503625,43.68210983276367
scene203__20.png,scene203,594.5081507004245,55766.127269473545,65.78726959228516,64.00691533613157,12284.233194194358,24.493995666503906
scene203__3.png,scene203,600.5039488225135,56021.65303660226,67.58248138427734,62.18690034677511,12303.017770127119,25.454570770263672
scene204__10.png,scene204,58.11132564009277,9628.95859027996,32.46489715576172,20.844879700810807,6950.025033983672,24.645179748535156
scene204__20.png,scene204,54.557069074159244,8017.371983935239,34.82994842529297,9.937237710246944,2749.670794387122,16.668020248413086
scene204__3.png,scene204,56.86984491078499,9654.193659942363,33.37623596191406,34.11182161141931,8499.57035731428,29.760133743286133
scene205__10.png,scene205,149.1932703268382,17528.338503794494,55.417564392089844,52.24047665425265,8405.966145154282,37.563514709472656
scene205__20.png,scene205,154.3385337887361,17534.24019000413,55.06547546386719,16.424093925190185,1922.1665048999655,37.19154357910156
scene205__3.png,scene205,136.93207146671662,16117.370292471924,53.28395080566406,49.842179191716106,8566.578249374274,42.554046630859375
scene206__10.png,scene206,32.711997005832586,2408.5303615077833,36.99174118041992,12.278955042851585,1490.8611067848665,25.002403259277344
scene206__20.png,scene206,29.700382387422522,2076.315541721415,36.68993377685547,11.438769501665803,1305.6678144597552,24.802993774414062
scene206__3.png,scene206,29.657781083321254,2041.0915453601938,37.380531311035156,11.793151421862346,1481.0926588163172,22.98733139038086
scene207__10.png,scene207,85.81022817998529,10161.95402346503,43.96336364746094,29.347274036942284,6406.690900411565,31.28090476989746
scene207__20.png,scene207,91.78453918442705,10532.567194131447,46.166297912597656,29.755385263893515,5073.513967136876,29.513166427612305
scene207__3.png,scene207,83.08176534314589,10035.788675024854,46.55180740356445,10.020106636092054,1470.5818924944265,21.66039276123047
scene208__10.png,scene208,191.72896862957447,17964.30907066208,61.670166015625,15.575799857819256,2113.7604832764996,21.16649627685547
scene208__20.png,scene208,215.91513603250343,19958.441509950768,61.39781188964844,17.74811876080299,3009.1292418281387,25.41118049621582
scene208__3.png,scene208,196.49776017518352,17625.388461242128,64.37850952148438,75.13181530194504,11860.15906532075,60.29914093017578
scene209__10.png,scene209,76.67352661712233,10862.117190382487,51.94534683227539,27.212450868743982,4036.958384254197,29.17426109313965
scene209__20.png,scene209,78.5611518800315,10926.213442075996,48.18446350097656,15.32352959467731,3180.2596454782765,21.632076263427734
scene209__3.png,scene209,77.45334656678551,10845.863615525672,49.347434997558594,21.88701110141572,3226.7348154783717,22.556819915771484
scene210__10.png,scene210,54.68313330101075,5877.869475070397,48.556617736816406,13.298308394109005,2366.323829806575,30.117740631103516
scene210__20.png,scene210,49.07883044417473,4510.821360374863,40.4085693359375,12.324415702243824,1808.1996901665989,20.262880325317383
scene210__3.png,scene210,56.210407842644614,6059.985493790533,46.099300384521484,16.018451605114617,2856.6089459084606,18.870248794555664
scene211__10.png,scene211,47.624205552953015,8407.397335004956,42.90753173828125,20.684904518451013,5270.061119428677,31.95207977294922
scene211__20.png,scene211,49.213570492665475,9168.753198863005,43.76295471191406,9.243570793439984,2094.2216844143272,22.478389739990234
scene211__3.png,scene211,45.58746977201957,8320.34561505341,40.18259048461914,17.36025434127274,3958.337315907539,26.986034393310547
scene212__10.png,scene212,23.87106729849439,1223.3161000097793,36.19829559326172,5.435659952189577,402.10837787365574,29.419452667236328
scene212__20.png,scene212,22.89371126254283,1034.899340418714,35.12416076660156,5.238854996234495,410.5945544094415,25.968278884887695
scene212__3.png,scene212,24.316336424483435,1231.6493345310175,37.875911712646484,4.861752987767526,262.035594912532,29.75808334350586
scene213__10.png,scene213,220.8825724903266,36907.901312362,48.10226058959961,83.2895204363907,17757.3642530685,37.83900451660156
scene213__20.png,scene213,222.1640455006118,37499.23827809216,46.290679931640625,122.17058666381874,27752.612074761328,38.49695587158203
scene213__3.png,scene213,212.59997543388403,36302.899904378115,47.674781799316406,91.35258948685708,17971.075619276384,34.35109329223633
scene214__10.png,scene214,142.1632293072183,22422.23495917052,51.720401763916016,47.94098528754979,10597.723984177239,37.36092758178711
scene214__20.png,scene214,131.94056388902564,21754.86798809216,47.3844108581543,50.75126888799793,11156.545287437162,33.75654983520508
scene214__3.png,scene214,143.20319529078515,22875.286173741162,48.74713897705078,56.14732641715627,13418.87591240876,32.41122817993164
scene215__10.png,scene215,111.26957620303945,19489.5020069346,39.73811340332031,37.26886645874128,8948.977981562191,26.600893020629883
scene215__20.png,scene215,121.25526643213149,20293.397014298465,42.91771697998047,41.72411827271203,10959.582717228433,29.755464553833008
scene215__3.png,scene215,115.99084115703535,20328.874708471427,43.30254364013672,41.88788573668704,10866.852431564199,32.36148452758789
scene216__10.png,scene216,28.96469155517759,2293.673747726897,33.20777130126953,6.614205511171942,793.1733853091798,27.81009292602539
scene216__20.png,scene216,29.824210077982276,2377.753295020764,32.281494140625,7.794123955447127,1159.9990386652112,28.723512649536133
scene216__3.png,scene216,29.518670452830577,2307.400530722574,32.66156768798828,6.961467727291535,736.0720205100865,24.504135131835938
scene217__10.png,scene217,147.23932561122444,20067.17962506424,50.896419525146484,30.549199924656914,6273.497403277104,31.942543029785156
scene217__20.png,scene217,141.96483260146326,19205.987072931817,48.85781478881836,37.307175429442644,6188.0327337978215,35.1654052734375
scene217__3.png,scene217,156.61243997971178,20946.52176750671,48.626426696777344,34.68524771256392,6981.19817858121,39.355159759521484
scene218__10.png,scene218,66.66062134472492,9906.383825732251,40.39339065551758,7.867263022956715,1419.762962166975,24.618038177490234
scene218__20.png,scene218,71.22212405215267,9581.382453730084,42.415679931640625,16.36884148850182,4585.391065531027,19.647979736328125
scene218__3.png,scene218,68.1793454364692,9872.52909940353,42.83797073364258,13.585198519560677,4383.292108938547,31.538719177246094
scene219__10.png,scene219,62.91297191142085,6621.964338238349,54.092201232910156,15.129817736313706,1960.6110869656652,32.179481506347656
scene219__20.png,scene219,61.09405487961747,6473.596106597724,53.0562744140625,17.99865173889332,1998.1904258783516,34.12602615356445
scene219__3.png,scene219,64.58542171503778,6677.270322537248,55.76773452758789,16.54405394427307,2485.302528501839,36.03112030029297
scene220__10.png,scene220,813.198961278226,53157.16233132102,64.43605041503906,197.5461168213378,28324.1520388516,42.99171447753906
scene220__20.png,scene220,752.8990791400665,50575.73239468639,61.99641036987305,68.67871733401353,10589.467388522187,28.300954818725586
scene220__3.png,scene220,771.1825499984827,52571.760906354364,65.25872039794922,106.23283286314876,19783.15027820852,38.037376403808594
scene221__10.png,scene221,73.09854377551376,3536.8007750672505,45.72442626953125,36.97087514707327,2223.730764904809,39.282249450683594
scene221__20.png,scene221,84.80643425643328,3977.213878537761,45.49956130981445,41.00381220744607,2281.7598516795115,27.729690551757812
scene221__3.png,scene221,53.69434067108293,2646.448332110523,44.1088752746582,23.286637959181355,1830.5612250562017,33.35878372192383
scene222__10.png,scene222,78.4184022370906,5733.678735410064,58.80431365966797,16.681127528951468,2459.053135682667,39.26569747924805
scene222__20.png,scene222,74.04024783126086,5700.788117824043,60.96748352050781,13.691041981068608,2232.6173063445603,33.91496276855469
scene222__3.png,scene222,76.92174907139474,5758.380628490194,61.8132209777832,18.10766176392831,2664.3497175096472,45.8964958190918
scene223__10.png,scene223,67.4592401033232,6915.275532967472,47.5635986328125,13.974781160308169,2432.86820233004,30.438838958740234
scene223__20.png,scene223,64.84246328306631,6526.712808033477,46.83729553222656,19.41452664667517,3951.132368876998,33.44620895385742
scene223__3.png,scene223,55.35485467301108,5595.81948334508,46.636531829833984,14.457955600358739,2143.523289539127,30.567195892333984
scene224__10.png,scene224,219.7696997444671,34802.12159509533,47.50745391845703,48.24847880749552,10997.249489534084,24.002525329589844
scene224__20.png,scene224,170.8084135189627,34055.305037804304,45.54950714111328,68.34474901134345,14407.689052277401,27.875858306884766
scene224__3.png,scene224,174.84421072728833,35891.83295331471,49.3355712890625,50.662314073891096,9307.218218001688,26.38909149169922
scene225__10.png,scene225,53.60501655409648,7059.613390132348,48.30513381958008,11.349767004986449,2364.259187184477,24.202720642089844
scene225__20.png,scene225,52.71019084232374,7205.946913649969,47.84617233276367,16.88332348453515,4394.304431872874,34.61651611328125
scene225__3.png,scene225,55.036604858789346,7326.301030377701,48.381752014160156,10.504731584302736,2503.5411730591054,24.19527816772461
scene226__10.png,scene226,162.72224287838887,14022.439531301789,51.93329620361328,33.890322247956625,5583.598929336188,34.27655029296875
scene226__20.png,scene226,139.35346717906594,11790.960291933088,51.03718566894531,32.19549250505453,5019.965630468793,40.39581298828125
scene226__3.png,scene226,154.0657429525861,13037.898861013166,53.34336471557617,19.161226366051086,2943.2509325917226,35.82577896118164
scene227__10.png,scene227,115.48150169141773,12783.743577123732,54.176002502441406,15.417109121228835,2438.7767011916694,31.92940330505371
scene227__20.png,scene227,98.66323536642976,11721.412131594705,49.34233856201172,19.64462936945776,3917.1804042820963,34.57173156738281
scene227__3.png,scene227,97.26356085581291,10833.060601828653,50.3314208984375,18.753321921607476,2389.9573507632717,22.71607780456543
scene228__10.png,scene228,70.43465923177742,9801.567608210169,44.817970275878906,54.47798853569627,9776.961433836434,36.31302261352539
scene228__20.png,scene228,61.14631313773583,9068.417780825048,42.85906219482422,77.92569294475243,20489.831282684598,35.13688278198242
scene228__3.png,scene228,71.3181370319801,10216.6612176441,45.04596710205078,74.63128034149386,14004.286549493023,28.719690322875977
scene229__10.png,scene229,165.5168312724584,19822.250819116485,40.696006774902344,43.905010897481695,7856.861225785964,29.884063720703125
scene229__20.png,scene229,157.81554913606533,19714.273630306598,37.00835037231445,49.18074812334209,7046.966596172956,22.907211303710938
scene229__3.png,scene229,166.444296142264,20024.13189313178,43.28282928466797,46.436253895903825,7110.235692556941,19.172714233398438
scene230__10.png,scene230,58.17844516193571,4201.538974345327,40.630882263183594,32.32939588091133,3643.700425322964,26.157299041748047
scene230__20.png,scene230,51.402013672119665,3781.039638075699,40.725242614746094,33.245610016147644,4358.3742183991435,22.43730926513672
scene230__3.png,scene230,51.77983113841194,3798.1772176720897,40.011436462402344,28.714374547505003,2962.374949895418,31.73882293701172
scene231__10.png,scene231,71.90600722525211,8388.918591428519,38.60514831542969,24.19081418380446,3208.921005781719,25.82040023803711
scene231__20.png,scene231,67.34374935147493,7916.211371985013,39.03731918334961,23.99840711977488,4997.312743203896,24.879898071289062
scene231__3.png,scene231,72.73979021513205,8520.40097972564,39.167266845703125,34.01718189470588,5521.910922259426,25.89645004272461
scene232__10.png,scene232,187.2696983232109,29645.2173554648,50.534141540527344,36.08727719129508,7497.824881526352,38.272621154785156
scene232__20.png,scene232,200.678375877988,28605.450247213314,52.451446533203125,29.513111849743982,7481.226046729128,27.58213233947754
scene232__3.png,scene232,234.46350737487006,30883.167115657652,52.8775520324707,22.940802186776814,3009.4422912716905,22.313720703125
scene233__10.png,scene233,62.09916032748671,6448.661118937062,50.6612434387207,11.811992091584342,2272.177509739156,39.603248596191406
scene233__20.png,scene233,83.99725518257556,8232.129252428049,54.64632034301758,11.013553318879595,1626.5988287937457,31.8078670501709
scene233__3.png,scene233,72.85956265775349,7321.919525916505,53.60591506958008,12.115570884056234,1748.1500999693524,33.32941818237305
scene234__10.png,scene234,146.5290492070494,16262.641447080665,58.558189392089844,23.999861721774508,4489.1877101995915,28.63283348083496
scene234__20.png,scene234,166.70299885121472,18859.440864313947,58.867637634277344,37.415114363566886,7599.611196735003,40.70991516113281
scene234__3.png,scene234,150.04826363416072,17160.50166789329,59.40395736694336,24.066966115392635,5240.176905662845,34.21115493774414
